Rk,Name,Age,Tm,IP,PAu,G,PA,AB,R,H,2B,3B,HR,SB,CS,BB,SO,BA,OBP,SLG,OPS,BAbip,TB,GDP,HBP,SH,SF,IBB,ROE
1,adamja01,26,KCR,32.1,,31,142,122,22,30,6,1,9,2,2,15,37,0.246,0.338,0.533,0.871,0.269,65,1,3,0,2,1,0
2,adamsau02,27,WSN,1,,2,7,4,0,1,0,0,0,0,0,3,0,0.25,0.571,0.25,0.821,0.25,1,0,0,0,0,0,0
3,adamsch01,23,NYY,7.2,,3,34,30,7,8,1,0,3,0,0,4,4,0.267,0.353,0.6,0.953,0.217,18,2,0,0,0,0,1
4,alberma01,35,MIL,34.1,,34,157,140,29,45,3,2,10,3,1,12,32,0.321,0.376,0.586,0.962,0.347,82,6,2,0,3,2,2
5,alcansa01,22,MIA,34,,6,146,117,13,25,8,0,3,1,2,23,30,0.214,0.347,0.359,0.706,0.256,42,2,2,2,2,0,0
6,alcanvi01,25,DET,30,,27,119,112,8,25,7,0,5,1,0,6,21,0.223,0.261,0.42,0.68,0.23,47,1,0,0,1,0,1
7,alexasc02,28,LAD,66,,73,268,238,28,57,9,2,4,4,3,27,56,0.239,0.322,0.345,0.667,0.298,82,15,2,1,0,2,2
8,allarko01,20,ATL,8,,3,47,41,12,19,2,0,3,0,0,4,3,0.463,0.522,0.732,1.253,0.457,30,1,1,1,0,0,1
9,allenco01,29,CLE,67,,70,289,251,35,58,10,1,11,2,0,33,80,0.231,0.33,0.41,0.74,0.294,103,5,4,1,0,2,0
10,almonmi01,25,LAA,7,,8,34,30,8,9,3,1,1,0,0,3,7,0.3,0.382,0.567,0.949,0.364,17,0,1,0,0,0,0
11,almonye01,24,COL,14.2,,14,60,55,5,15,5,0,1,1,1,4,14,0.273,0.317,0.418,0.735,0.341,23,4,0,0,1,0,2
12,altavda01,25,SEA,20.2,,22,85,68,7,11,2,0,2,2,0,15,23,0.162,0.329,0.279,0.609,0.209,19,3,2,0,0,0,0
13,alvarjo03,23,TBR,64,,70,263,229,21,42,10,1,1,2,0,29,80,0.183,0.276,0.249,0.525,0.273,57,3,1,2,2,4,5
14,alvarjo02,29,LAA,63,,76,261,235,20,51,14,1,3,3,1,22,59,0.217,0.29,0.323,0.613,0.277,76,6,2,2,0,2,2
15,anderbr04,30,OAK,80.1,,17,333,316,42,90,21,1,10,1,1,13,47,0.285,0.317,0.453,0.77,0.309,143,9,2,2,0,0,2
16,anderch01,30,MIL,158,,30,644,575,71,131,20,2,30,10,8,57,128,0.228,0.305,0.426,0.731,0.242,245,13,7,4,1,0,3
17,anderdr02,24,PHI,12.2,,5,59,55,7,17,7,0,0,3,0,2,11,0.309,0.356,0.436,0.792,0.386,24,1,2,0,0,0,1
18,anderju01,25,LAA,55.1,,57,241,196,25,42,3,0,3,3,2,40,67,0.214,0.358,0.276,0.634,0.31,54,9,4,0,0,3,1
19,anderta01,25,PIT,11.1,,6,56,45,10,15,3,0,1,1,0,8,6,0.333,0.444,0.467,0.911,0.368,21,3,1,2,0,2,1
20,anderty01,28,COL,176,,32,737,665,94,165,35,4,30,9,3,59,164,0.248,0.309,0.448,0.757,0.282,298,13,3,3,7,1,6
21,andrima01,28,TOT,78.2,,41,340,311,51,84,20,2,15,5,1,25,78,0.27,0.327,0.492,0.819,0.315,153,9,2,1,1,5,3
22,andrima01,28,TBR,59.2,,27,251,229,32,55,14,1,7,3,0,18,59,0.24,0.3,0.402,0.702,0.293,92,6,2,1,1,3,3
23,andrima01,28,ARI,19,,14,89,82,19,29,6,1,8,2,1,7,19,0.354,0.404,0.744,1.148,0.382,61,3,0,0,0,2,0
24,aranovi01,23,PHI,59.1,,60,246,226,19,54,10,2,6,5,2,17,60,0.239,0.293,0.381,0.673,0.296,86,4,1,0,2,4,2
25,araujpe01,24,BAL,28,,20,130,110,24,29,8,0,9,8,0,18,29,0.264,0.377,0.582,0.959,0.278,64,2,2,0,0,0,0
26,archech01,29,TOT,148.1,,27,638,579,77,155,39,1,19,10,4,49,162,0.268,0.33,0.437,0.767,0.339,253,14,6,1,3,3,5
27,archech01,29,TBR,96,,17,413,377,50,102,23,0,11,6,3,31,102,0.271,0.332,0.419,0.751,0.343,158,10,4,0,1,0,4
28,archech01,29,PIT,52.1,,10,225,202,27,53,16,1,8,4,1,18,60,0.262,0.326,0.47,0.796,0.331,95,4,2,1,2,3,1
29,arciafr01,28,LAA,3,,2,13,13,3,5,0,0,2,0,0,0,0,0.385,0.385,0.846,1.231,0.273,11,1,0,0,0,0,0
30,armstsh01,27,SEA,14.2,,14,57,49,2,9,3,0,1,0,0,3,15,0.184,0.263,0.306,0.569,0.229,15,0,3,0,2,1,0
31,arrieja01,32,PHI,172.2,,31,724,649,93,165,34,1,21,15,6,57,138,0.254,0.318,0.407,0.724,0.289,264,22,7,1,8,0,11
32,asheral01,26,MIL,3,,2,13,12,0,2,1,0,0,0,0,1,2,0.167,0.231,0.25,0.481,0.2,3,0,0,0,0,0,1
33,astudwi01,26,MIN,1,,1,8,8,5,5,1,0,2,0,0,0,0,0.625,0.625,1.5,2.125,0.5,12,0,0,0,0,0,0
34,avilaal01,31,ARI,2,,1,7,7,0,1,0,0,0,0,0,0,0,0.143,0.143,0.143,0.286,0.143,1,0,0,0,0,0,0
35,avilalu01,28,TOT,45.1,,70,197,175,22,44,7,2,3,4,2,18,51,0.251,0.327,0.366,0.692,0.336,64,1,2,1,1,3,3
36,avilalu01,28,CHW,39.2,,58,172,154,20,40,5,2,2,3,2,14,46,0.26,0.327,0.357,0.685,0.355,55,1,2,1,1,2,3
37,avilalu01,28,PHI,5.2,,12,25,21,2,4,2,0,1,1,0,4,5,0.19,0.32,0.429,0.749,0.2,9,0,0,0,0,1,0
38,axforjo01,35,TOT,54.2,,50,233,206,35,52,10,1,6,3,2,22,54,0.252,0.33,0.398,0.729,0.311,82,8,3,0,2,1,3
39,axforjo01,35,TOR,51,,45,211,188,27,44,7,0,6,3,2,20,50,0.234,0.313,0.367,0.68,0.286,69,8,2,0,1,1,2
40,axforjo01,35,LAD,3.2,,5,22,18,8,8,3,1,0,0,0,2,4,0.444,0.5,0.722,1.222,0.533,13,0,1,0,1,0,1
41,baezpe01,30,LAD,56.1,,55,237,209,19,46,10,3,4,6,0,23,62,0.22,0.298,0.354,0.652,0.29,74,3,1,2,2,2,2
42,baezsa01,24,DET,14.1,,9,66,54,12,12,3,0,2,1,0,9,10,0.222,0.348,0.389,0.737,0.233,21,1,2,0,1,1,1
43,baileho02,32,CIN,106.1,,20,494,451,82,141,28,3,23,7,2,33,75,0.313,0.36,0.541,0.901,0.331,244,4,2,5,3,9,8
44,bandaan01,24,TBR,14.2,,3,56,51,6,12,3,1,1,0,0,3,10,0.235,0.273,0.392,0.665,0.268,20,2,0,1,1,0,0
45,barbajo01,25,DET,6.2,,7,36,29,9,11,1,0,3,0,0,5,2,0.379,0.486,0.724,1.21,0.333,21,0,1,1,0,1,0
46,bardlu01,27,LAA,11.2,,8,53,45,7,10,0,0,4,0,0,5,13,0.222,0.34,0.489,0.829,0.214,22,0,3,0,0,1,0
47,barlosc01,25,KCR,15,,6,65,62,7,16,2,0,2,0,0,3,15,0.258,0.292,0.387,0.679,0.311,24,0,0,0,0,0,1
48,barneda02,28,TOR,41,,47,191,165,28,47,16,1,6,14,1,22,38,0.285,0.368,0.503,0.871,0.333,83,3,1,0,2,1,2
49,barneja01,28,MIL,48.2,,49,217,192,24,51,6,2,4,7,1,23,47,0.266,0.343,0.38,0.723,0.331,73,5,0,1,1,2,6
50,barnema01,28,BOS,61.2,,62,265,230,25,47,10,1,5,6,1,31,96,0.204,0.302,0.322,0.624,0.321,74,2,2,0,2,1,3
51,barneto01,34,TEX,26.1,,22,104,97,11,19,8,0,2,1,0,5,26,0.196,0.25,0.34,0.59,0.246,33,2,2,0,0,0,2
52,barraky01,28,MIA,55.2,,61,245,203,27,40,7,0,8,6,1,34,60,0.197,0.325,0.35,0.675,0.235,71,4,5,2,1,3,3
53,barreja01,26,ARI,7,,7,30,28,4,8,1,1,1,0,0,2,6,0.286,0.333,0.5,0.833,0.333,14,1,0,0,0,0,0
54,barrija01,21,LAA,129.1,,26,537,483,50,117,24,1,17,2,5,47,98,0.242,0.317,0.402,0.719,0.272,194,13,6,0,0,0,1
55,bashlty01,25,NYM,32,,24,135,119,16,26,6,0,6,6,1,12,25,0.218,0.306,0.42,0.726,0.227,50,1,3,1,0,0,1
56,bassan01,30,CHC,15.1,,16,62,59,6,18,2,0,1,2,0,3,14,0.305,0.339,0.39,0.729,0.386,23,2,0,0,0,0,0
57,bassich01,29,OAK,47.2,,11,204,181,21,40,5,0,4,3,2,19,41,0.221,0.309,0.315,0.624,0.265,57,1,4,0,0,0,4
58,bauertr01,27,CLE,175.1,,28,717,645,51,134,30,2,9,11,7,57,221,0.208,0.28,0.302,0.582,0.299,195,7,9,3,3,2,7
59,baumabu01,30,TOT,3.1,,4,27,19,13,9,3,0,1,1,0,7,4,0.474,0.615,0.789,1.405,0.571,15,0,0,1,0,2,1
60,baumabu01,30,SDP,0.1,,1,6,3,5,2,0,0,0,1,0,2,0,0.667,0.8,0.667,1.467,0.667,2,0,0,1,0,0,1
61,baumabu01,30,NYM,3,,3,21,16,8,7,3,0,1,0,0,5,4,0.438,0.571,0.813,1.384,0.545,13,0,0,0,0,2,0
62,bautige01,23,NYM,4.1,,5,25,18,6,8,4,0,2,0,0,5,3,0.444,0.52,1,1.52,0.4,18,0,0,0,2,0,0
63,beckch02,27,TOT,34,,20,148,126,17,34,8,0,8,2,4,20,21,0.27,0.372,0.524,0.895,0.265,66,2,1,0,1,0,1
64,beckch02,27,CHW,23.2,,14,102,89,11,24,7,0,5,0,2,11,16,0.27,0.353,0.517,0.87,0.275,46,1,1,0,1,0,1
65,beckch02,27,NYM,10.1,,6,46,37,6,10,1,0,3,2,2,9,5,0.27,0.413,0.541,0.954,0.241,20,1,0,0,0,0,0
66,bedroca01,26,LAA,64,,71,271,240,30,63,12,0,7,1,2,26,57,0.263,0.338,0.4,0.738,0.316,96,12,2,1,1,0,0
67,beedety01,25,SFG,7.2,,2,40,31,7,9,4,0,0,2,0,8,9,0.29,0.45,0.419,0.869,0.409,13,1,1,0,0,0,0
68,beeksja02,24,TOT,50.2,,14,223,194,31,52,13,1,6,0,0,24,42,0.268,0.356,0.438,0.794,0.313,85,8,3,1,1,0,2
69,beeksja02,24,BOS,6.1,,2,34,29,9,11,4,1,1,0,0,4,5,0.379,0.471,0.69,1.16,0.435,20,1,1,0,0,0,0
70,beeksja02,24,TBR,44.1,,12,189,165,22,41,9,0,5,0,0,20,37,0.248,0.335,0.394,0.729,0.29,65,7,2,1,1,0,2
71,belisma01,38,TOT,34.1,,33,162,146,32,49,13,0,6,3,0,11,25,0.336,0.391,0.548,0.939,0.371,80,3,3,1,1,1,1
72,belisma01,38,CLE,10.2,,8,44,41,6,9,3,0,1,1,0,1,4,0.22,0.273,0.366,0.639,0.222,15,0,2,0,0,0,0
73,belisma01,38,MIN,23.2,,25,118,105,26,40,10,0,5,2,0,10,21,0.381,0.436,0.619,1.055,0.438,65,3,1,1,1,1,1
74,belivje01,31,CLE,4.2,,9,26,20,6,7,1,0,2,0,0,5,2,0.35,0.5,0.7,1.2,0.313,14,1,1,0,0,0,0
75,bellch02,29,DET,7.1,,3,36,33,7,14,4,0,1,0,0,2,7,0.424,0.444,0.636,1.081,0.5,21,2,0,0,1,1,0
76,bergmch01,30,SEA,14,,3,57,52,9,12,3,0,4,0,0,3,7,0.231,0.268,0.519,0.787,0.19,27,1,0,1,1,0,1
77,berrijo01,24,MIN,192.1,,32,797,717,83,159,31,1,25,8,3,61,202,0.222,0.293,0.372,0.665,0.271,267,11,13,2,4,1,6
78,betande01,30,NYY,66.2,,66,272,237,22,44,6,0,7,13,2,26,115,0.186,0.279,0.3,0.578,0.319,71,3,5,3,1,2,0
79,bettich01,29,COL,120.1,,27,518,456,72,121,28,2,18,0,2,47,80,0.265,0.337,0.454,0.791,0.284,207,12,5,5,5,3,2
80,biagijo01,28,TOR,72,,50,328,297,50,96,17,1,14,10,4,24,53,0.323,0.384,0.529,0.913,0.355,157,11,6,0,1,0,3
81,bibenau01,33,TEX,45,,13,203,182,33,56,12,1,9,1,1,14,33,0.308,0.373,0.533,0.906,0.336,97,4,5,2,0,0,0
82,biddlje01,26,ATL,63.2,,60,266,229,26,50,9,0,6,2,2,31,67,0.218,0.318,0.336,0.654,0.28,77,8,3,2,1,5,5
83,biebesh01,23,CLE,114.2,,20,485,456,60,130,40,2,13,4,2,23,118,0.285,0.32,0.467,0.787,0.356,213,9,2,0,4,0,3
84,blachty01,27,SFG,118.2,,47,512,461,62,133,23,2,8,3,3,41,75,0.289,0.347,0.399,0.746,0.33,184,18,1,8,1,4,7
85,blackra01,28,SFG,23.1,,26,95,82,16,17,4,1,4,4,2,10,33,0.207,0.301,0.427,0.728,0.289,35,2,1,2,0,0,0
86,blackpa01,24,OAK,27.2,,6,119,109,23,33,8,1,2,3,2,6,19,0.303,0.345,0.45,0.794,0.344,49,2,2,0,2,0,0
87,blandal01,25,CIN,1,,1,4,4,0,1,0,0,0,0,0,0,2,0.25,0.25,0.25,0.5,0.5,1,0,0,0,0,0,0
88,bleicje01,31,OAK,0.1,,2,4,3,2,2,2,0,0,0,0,0,1,0.667,0.75,1.333,2.083,1,4,0,1,0,0,0,0
89,bleieri01,31,BAL,32.2,,31,133,126,7,36,6,2,0,1,0,4,15,0.286,0.308,0.365,0.673,0.319,46,5,1,0,2,1,1
90,blevije01,34,NYM,42.2,,64,188,160,24,36,9,0,6,4,3,22,41,0.225,0.335,0.394,0.729,0.263,63,1,5,0,1,1,1
91,borucry01,24,TOR,97.2,,17,415,375,48,96,18,5,7,16,3,33,67,0.256,0.318,0.387,0.705,0.294,145,12,2,3,2,3,7
92,bowmama01,27,STL,23,,22,109,94,16,29,5,1,4,0,0,11,26,0.309,0.383,0.511,0.894,0.385,48,2,1,2,1,3,1
93,boxbebr01,30,ARI,53.1,,60,235,199,30,44,7,1,9,5,0,32,71,0.221,0.33,0.402,0.732,0.292,80,4,1,2,1,4,2
94,boydma01,27,DET,170.1,,31,709,639,87,146,33,1,27,18,2,51,159,0.228,0.294,0.41,0.704,0.259,262,8,11,2,6,0,4
95,boyerbl01,36,KCR,21.2,,21,109,93,33,32,7,2,7,1,2,13,9,0.344,0.413,0.688,1.101,0.313,64,1,0,0,3,3,2
96,brachbr01,32,TOT,62.2,,69,289,258,32,72,15,1,5,8,1,28,60,0.279,0.351,0.403,0.754,0.345,104,4,1,1,1,2,7
97,brachbr01,32,BAL,39,,42,185,165,24,50,13,0,4,3,0,19,38,0.303,0.375,0.455,0.83,0.374,75,4,0,1,0,1,3
98,brachbr01,32,ATL,23.2,,27,104,93,8,22,2,1,1,5,1,9,22,0.237,0.308,0.312,0.62,0.296,29,0,1,0,1,1,4
99,brachsi01,25,ARI,31,,31,129,112,12,25,7,1,2,3,1,12,34,0.223,0.313,0.357,0.67,0.299,40,2,3,1,1,2,0
100,bradfch02,28,SEA,53.2,,46,231,210,23,55,8,1,9,6,1,14,38,0.262,0.32,0.438,0.758,0.279,92,3,5,0,2,1,2
101,bradlar01,25,ARI,71.2,,76,296,271,30,62,12,1,9,4,0,20,75,0.229,0.292,0.38,0.672,0.283,103,6,4,1,0,1,1
102,brasiry01,30,BOS,33.2,,34,124,111,6,19,3,1,2,0,1,7,29,0.171,0.211,0.27,0.482,0.2,30,3,0,1,5,0,2
103,braulst01,26,PIT,91.2,,45,413,344,51,84,18,0,10,4,5,57,82,0.244,0.363,0.384,0.747,0.292,132,9,8,3,1,4,4
104,brebbjo01,28,STL,50.2,,45,209,190,18,43,9,1,5,3,2,16,60,0.226,0.284,0.363,0.647,0.299,69,3,0,1,2,2,3
105,breweco01,25,SDP,9.2,,11,49,42,10,15,3,0,0,1,0,7,10,0.357,0.449,0.429,0.878,0.469,18,2,0,0,0,0,1
106,briceau01,26,CIN,37.1,,33,162,144,26,39,9,1,9,3,1,13,32,0.271,0.342,0.535,0.876,0.288,77,3,3,1,1,6,2
107,bridwpa01,26,LAA,6.2,,5,36,32,13,14,1,0,5,0,0,2,3,0.438,0.457,0.938,1.395,0.36,30,1,0,1,1,0,0
108,brighje01,26,MIA,16.1,,4,77,59,11,16,5,0,2,2,0,13,12,0.271,0.403,0.458,0.86,0.292,27,2,2,0,3,0,0
109,brittza01,30,TOT,40.2,,41,169,144,16,29,4,0,3,3,0,21,34,0.201,0.314,0.292,0.605,0.241,42,5,3,0,1,0,3
110,brittza01,30,BAL,15.2,,16,63,52,6,11,3,0,1,0,0,10,13,0.212,0.349,0.327,0.676,0.263,17,2,1,0,0,0,0
111,brittza01,30,NYY,25,,25,106,92,10,18,1,0,2,3,0,11,21,0.196,0.292,0.272,0.564,0.229,25,3,2,0,1,0,3
112,brookaa01,28,OAK,2.2,,3,10,8,0,1,0,0,0,0,0,2,1,0.125,0.3,0.125,0.425,0.143,1,1,0,0,0,0,0
113,brothre01,30,ATL,0,,1,2,0,1,0,0,0,0,0,0,2,0,,1,,,,0,0,0,0,0,0,0
114,buchhcl01,33,ARI,98.1,,16,393,363,25,80,19,1,9,0,0,22,81,0.22,0.268,0.353,0.62,0.256,128,9,3,0,4,1,3
115,buchtry01,31,OAK,39.1,,54,163,146,17,32,8,0,4,0,2,15,41,0.219,0.29,0.356,0.646,0.275,52,0,0,1,1,1,1
116,buehlwa01,23,LAD,137.1,,24,541,493,43,95,17,0,12,3,3,37,151,0.193,0.256,0.3,0.556,0.249,148,5,6,2,3,1,5
117,bumgama01,28,SFG,129.2,,21,551,495,51,118,27,3,14,13,0,43,109,0.238,0.304,0.39,0.694,0.277,193,9,5,5,3,3,7
118,bummeaa01,24,CHW,31.2,,37,144,133,19,40,5,1,1,4,1,10,35,0.301,0.354,0.376,0.73,0.402,50,5,1,0,0,0,3
119,bundydy01,25,BAL,171.2,,31,750,685,116,188,39,4,41,17,5,54,184,0.274,0.332,0.523,0.855,0.318,358,13,6,3,2,1,7
120,burdini01,25,PIT,1.1,,2,10,8,4,3,0,0,1,0,0,2,2,0.375,0.5,0.75,1.25,0.4,6,0,0,0,0,0,1
121,burneco01,23,MIL,38,,30,152,136,11,27,5,0,4,4,1,11,35,0.199,0.272,0.324,0.595,0.235,44,3,3,1,1,2,4
122,burrry01,24,CHW,9.2,,8,44,36,8,12,3,0,3,2,1,6,6,0.333,0.442,0.667,1.109,0.333,24,2,1,1,0,1,0
123,busenal01,27,MIN,25.1,,23,126,109,25,37,7,0,8,3,0,14,26,0.339,0.421,0.624,1.044,0.382,68,2,2,0,1,0,1
124,bushma01,32,TEX,23,,21,108,90,13,23,8,1,3,1,0,14,19,0.256,0.361,0.467,0.828,0.286,42,0,2,0,2,0,2
125,buterdr01,34,KCR,0.1,,1,6,3,2,2,0,0,0,0,0,3,0,0.667,0.833,0.667,1.5,0.667,2,0,0,0,0,0,0
126,butleed01,27,TOT,49.2,,30,228,202,34,59,7,1,11,0,2,19,29,0.292,0.352,0.5,0.852,0.289,101,3,2,1,4,1,6
127,butleed01,27,CHC,17.2,,8,75,66,10,16,1,0,1,0,1,7,11,0.242,0.311,0.303,0.614,0.273,20,1,0,1,1,0,3
128,butleed01,27,TEX,32,,22,153,136,24,43,6,1,10,0,1,12,18,0.316,0.373,0.596,0.968,0.297,81,2,2,0,3,1,3
129,buttrty01,25,LAA,16.1,,16,70,63,7,15,4,0,0,3,0,5,20,0.238,0.29,0.302,0.591,0.341,19,0,0,1,1,0,1
130,cahiltr01,30,OAK,110,,21,450,397,52,90,20,2,8,15,7,41,100,0.227,0.305,0.348,0.653,0.281,138,9,5,3,3,0,3
131,caratvi01,24,CHC,2,,2,8,8,2,3,0,0,1,0,0,0,0,0.375,0.375,0.75,1.125,0.286,6,1,0,0,0,0,0
132,carlesh01,26,ATL,63,,53,259,226,22,50,15,0,2,5,0,27,43,0.221,0.302,0.314,0.616,0.259,71,9,1,1,4,7,3
133,carpery01,27,DET,22.1,,6,107,98,19,34,5,0,8,1,1,4,15,0.347,0.383,0.643,1.026,0.338,63,1,3,0,2,0,2
134,carraca01,31,CLE,192,,32,784,726,78,173,31,6,21,15,4,43,231,0.238,0.285,0.384,0.669,0.317,279,11,6,4,5,4,8
135,carroco01,25,BAL,17,,15,84,71,17,21,2,0,6,2,0,13,16,0.296,0.405,0.577,0.982,0.306,41,2,0,0,0,0,1
136,cashnan01,31,BAL,153,,28,681,609,97,177,44,3,25,6,7,65,99,0.291,0.36,0.496,0.856,0.311,302,13,3,1,3,3,6
137,garcija01,37,OAK,31.1,,26,132,106,11,18,6,0,0,8,1,20,22,0.17,0.318,0.226,0.545,0.209,24,3,4,0,2,0,0
138,castidi01,24,TBR,56.2,,43,222,202,21,36,7,0,6,1,2,18,65,0.178,0.252,0.302,0.554,0.229,61,1,2,0,0,0,0
139,castijo03,22,SDP,38.1,,37,150,135,14,23,4,0,3,3,1,12,52,0.17,0.253,0.267,0.52,0.25,36,0,3,0,0,1,1
140,castilu02,25,CIN,169.2,,31,708,645,89,158,36,0,28,4,1,49,165,0.245,0.301,0.431,0.732,0.284,278,13,5,3,6,1,7
141,castrmi01,23,BAL,86.1,,63,376,318,41,75,13,1,9,8,3,50,57,0.236,0.346,0.368,0.714,0.259,117,13,5,0,3,7,6
142,cecilbr01,31,STL,32.2,,40,157,129,27,39,6,2,5,7,1,25,19,0.302,0.408,0.496,0.904,0.315,64,3,0,0,3,5,2
143,cedenxa01,31,TOT,33.1,,48,140,124,10,26,5,1,1,0,0,16,34,0.21,0.3,0.29,0.59,0.281,36,3,0,0,0,1,2
144,cedenxa01,31,CHW,25.1,,33,106,93,9,19,5,1,1,0,0,13,28,0.204,0.302,0.312,0.614,0.281,29,3,0,0,0,1,2
145,cedenxa01,31,MIL,8,,15,34,31,1,7,0,0,0,0,0,3,6,0.226,0.294,0.226,0.52,0.28,7,0,0,0,0,0,0
146,cessalu01,26,NYY,44.2,,16,195,181,27,51,12,0,5,0,0,13,39,0.282,0.33,0.431,0.761,0.336,78,3,0,1,0,0,0
147,chacijh01,30,MIL,192.2,,35,796,697,83,153,32,5,18,8,5,71,156,0.22,0.298,0.357,0.655,0.254,249,12,11,8,9,3,9
148,chafian01,28,ARI,49.1,,77,211,181,18,41,11,1,0,5,3,25,53,0.227,0.322,0.298,0.621,0.313,54,3,2,0,3,1,2
149,chapmar01,30,NYY,51.1,,55,212,177,15,24,8,0,2,3,0,30,93,0.136,0.278,0.215,0.493,0.268,38,0,5,0,0,0,1
150,chargjt01,27,LAD,32.1,,39,135,117,13,26,6,0,4,5,2,15,40,0.222,0.321,0.376,0.697,0.301,44,2,2,1,0,3,1
151,chatwty01,28,CHC,103.2,,24,486,375,62,92,16,2,9,9,2,95,85,0.245,0.403,0.371,0.774,0.291,139,15,7,5,4,1,1
152,chaveje01,34,TOT,95.1,,62,377,358,28,84,10,1,13,2,1,17,92,0.235,0.268,0.377,0.645,0.278,135,9,0,0,2,1,2
153,chaveje01,34,TEX,56.1,,30,234,221,23,58,9,1,10,1,1,12,50,0.262,0.299,0.448,0.747,0.296,99,5,0,0,1,1,2
154,chaveje01,34,CHC,39,,32,143,137,5,26,1,0,3,1,0,5,42,0.19,0.217,0.263,0.48,0.247,36,4,0,0,1,0,0
155,chenwe02,32,MIA,133.1,,26,572,511,75,131,31,1,19,4,1,47,111,0.256,0.316,0.432,0.749,0.289,221,6,1,5,7,6,3
156,chiriyo01,24,TBR,89.2,,18,370,331,40,84,16,2,7,1,0,25,75,0.254,0.31,0.378,0.687,0.301,125,12,5,2,7,2,3
157,cimbead01,27,TOT,68.1,,70,284,257,28,68,19,3,5,5,1,17,58,0.265,0.323,0.42,0.743,0.321,108,12,6,2,2,9,3
158,cimbead01,27,SDP,48.1,,42,192,177,19,42,10,3,2,4,1,10,51,0.237,0.283,0.362,0.644,0.317,64,6,2,1,2,3,2
159,cimbead01,27,CLE,20,,28,92,80,9,26,9,0,3,1,0,7,7,0.325,0.407,0.55,0.957,0.329,44,6,4,1,0,6,1
160,cingrto01,28,LAD,22.2,,30,95,86,12,19,5,0,2,0,0,6,36,0.221,0.295,0.349,0.644,0.354,30,0,3,0,0,1,1
161,cishest01,32,CHC,70.1,,80,288,248,19,45,8,4,5,0,1,28,78,0.181,0.287,0.306,0.593,0.241,76,4,9,2,1,4,1
162,claudal01,26,TEX,68.1,,66,299,277,35,91,20,3,4,5,3,13,41,0.329,0.361,0.466,0.827,0.37,129,11,3,3,3,3,1
163,clevimi01,27,CLE,200,,32,810,737,71,164,36,3,21,15,3,67,207,0.223,0.29,0.365,0.655,0.28,269,15,4,0,1,0,5
164,clippty01,33,TOR,68.2,,73,285,256,29,57,14,0,13,8,2,23,85,0.223,0.29,0.43,0.719,0.275,110,1,2,2,2,0,2
165,cloydty01,31,MIA,17.2,,7,87,76,17,25,8,1,3,0,0,10,13,0.329,0.414,0.579,0.993,0.367,44,1,1,0,0,2,0
166,cobbal01,30,BAL,152.1,,28,661,606,93,172,38,5,24,3,6,43,102,0.284,0.332,0.482,0.814,0.305,292,16,4,2,6,5,8
167,coleaj01,26,TOT,48.1,,32,221,196,38,55,11,1,15,1,0,22,59,0.281,0.352,0.577,0.928,0.325,113,2,0,2,1,1,1
168,coleaj01,26,WSN,10.1,,4,53,45,15,16,3,1,6,0,0,6,10,0.356,0.431,0.867,1.298,0.345,39,0,0,2,0,0,0
169,coleaj01,26,NYY,38,,28,168,151,23,39,8,0,9,1,0,16,49,0.258,0.327,0.49,0.817,0.319,74,2,0,0,1,1,1
170,colege01,27,HOU,200.1,,32,799,723,68,143,36,2,19,14,5,64,276,0.198,0.269,0.332,0.6,0.288,240,11,7,2,3,0,4
171,coleta01,28,LAA,36,,18,135,118,11,20,4,0,3,0,1,12,39,0.169,0.261,0.28,0.541,0.221,33,6,3,1,1,0,1
172,colemlo01,32,DET,51.1,,51,217,183,21,43,10,0,5,0,0,24,41,0.235,0.338,0.372,0.71,0.271,68,9,6,1,3,2,2
173,colliti01,28,WSN,22.2,,38,99,87,11,23,3,0,5,2,1,12,21,0.264,0.354,0.471,0.825,0.295,41,3,0,0,0,0,0
174,colomal01,29,TOT,68,,70,282,257,26,59,8,1,7,1,0,21,72,0.23,0.294,0.35,0.645,0.291,90,6,3,0,1,2,5
175,colomal01,29,TBR,21.2,,23,97,88,12,24,6,1,1,1,0,8,23,0.273,0.33,0.398,0.728,0.354,35,2,0,0,1,1,2
176,colomal01,29,SEA,46.1,,47,185,169,14,35,2,0,6,0,0,13,49,0.207,0.276,0.325,0.601,0.254,55,4,3,0,0,1,3
177,colonba01,45,TEX,146.1,,28,628,591,97,172,35,10,32,1,1,25,81,0.291,0.319,0.547,0.866,0.288,323,6,3,1,8,1,4
178,conlead01,28,MIA,50.2,,52,202,179,25,37,11,1,5,0,1,18,50,0.207,0.279,0.363,0.642,0.252,65,7,1,1,3,1,3
179,conlopj01,24,NYM,7.2,,3,38,36,7,15,5,0,2,0,0,2,5,0.417,0.447,0.722,1.17,0.448,26,1,0,0,0,0,0
180,cookry01,31,SEA,17,,19,76,64,10,15,2,0,4,4,0,7,23,0.234,0.333,0.453,0.786,0.289,29,0,3,1,1,1,1
181,copelsc01,30,NYM,1.1,,1,5,5,0,1,0,0,0,0,0,0,2,0.2,0.2,0.2,0.4,0.333,1,0,0,0,0,0,0
182,corbipa01,28,ARI,200,,33,800,742,70,162,43,0,15,10,2,48,246,0.218,0.27,0.337,0.607,0.304,250,11,5,3,2,3,1
183,corcida01,27,LAD,4,,2,18,14,2,2,0,0,0,0,0,3,1,0.143,0.333,0.143,0.476,0.154,2,0,1,0,0,0,0
184,cordeji01,26,WSN,19,,22,94,80,13,23,3,0,2,3,0,12,12,0.288,0.394,0.4,0.794,0.318,32,2,2,0,0,2,2
185,cortene01,23,BAL,4.2,,4,26,22,4,10,2,0,2,0,1,4,3,0.455,0.538,0.818,1.357,0.471,18,1,0,0,0,0,0
186,couloda01,28,OAK,23.2,,27,98,86,13,24,3,0,5,1,2,11,26,0.279,0.357,0.488,0.846,0.339,42,6,0,0,1,0,0
187,coveydy01,26,CHW,121.2,,27,542,480,81,129,17,2,13,11,2,52,91,0.269,0.341,0.394,0.735,0.306,189,9,2,5,3,4,11
188,crickky01,25,PIT,60.1,,64,255,223,18,45,7,0,3,9,2,23,65,0.202,0.295,0.274,0.569,0.269,61,1,7,1,1,3,1
189,crockky01,26,CIN,9.1,,15,46,44,8,16,4,0,1,2,0,2,11,0.364,0.391,0.523,0.914,0.469,23,1,0,0,0,1,2
190,cruzrh01,31,TOR,3.1,,2,15,13,1,3,2,0,0,0,0,2,4,0.231,0.333,0.385,0.718,0.333,5,0,0,0,0,0,0
191,cuetojo01,32,SFG,53,,9,214,193,19,46,7,0,8,0,0,13,38,0.238,0.303,0.399,0.702,0.259,77,6,5,3,0,0,1
192,cuevawi01,27,BOS,17,,9,84,68,14,20,6,0,3,0,2,11,20,0.294,0.422,0.515,0.936,0.378,35,1,4,1,0,0,1
193,culbech01,29,ATL,1,,1,5,5,1,2,1,0,0,0,0,0,0,0.4,0.4,0.6,1,0.4,3,0,0,0,0,0,0
194,cumptbr01,29,TOR,1.2,,1,10,8,1,3,2,0,0,0,0,2,2,0.375,0.5,0.625,1.125,0.5,5,0,0,0,0,0,0
195,curtiza01,25,TOT,16.1,,15,79,56,10,12,3,0,1,0,0,19,18,0.214,0.405,0.321,0.726,0.275,18,1,1,0,3,2,0
196,curtiza01,25,PHI,9.2,,7,44,32,2,6,1,0,0,0,0,10,10,0.188,0.386,0.219,0.605,0.261,7,1,1,0,1,1,0
197,curtiza01,25,TEX,6.2,,8,35,24,8,6,2,0,1,0,0,9,8,0.25,0.429,0.458,0.887,0.294,11,0,0,0,2,1,0
198,curtijo02,25,MIN,6.1,,8,30,26,4,8,5,0,0,2,0,4,7,0.308,0.4,0.5,0.9,0.421,13,0,0,0,0,1,0
199,darnach01,31,SFG,1,,1,4,4,0,1,0,0,0,0,0,0,0,0.25,0.25,0.25,0.5,0.25,1,0,0,0,0,0,0
200,danisty01,23,CHW,6.1,,7,31,25,5,8,0,0,2,0,1,4,5,0.32,0.419,0.56,0.979,0.316,14,0,1,0,1,0,0
201,darviyu01,31,CHC,40,,8,180,153,24,36,8,0,7,6,1,21,49,0.235,0.341,0.425,0.766,0.296,65,1,4,1,1,0,2
202,davidma02,27,CHW,3,,3,11,10,0,1,0,0,0,0,0,1,2,0.1,0.182,0.1,0.282,0.125,1,0,0,0,0,0,0
203,davieza02,25,MIL,66,,13,280,249,36,67,12,3,8,0,4,21,49,0.269,0.33,0.438,0.768,0.299,109,8,4,0,5,3,2
204,davisau01,25,PHI,34.2,,32,151,132,20,35,13,2,4,5,0,12,38,0.265,0.327,0.485,0.812,0.33,64,3,2,1,4,1,2
205,davisjd01,25,HOU,1,,1,4,4,1,1,0,0,1,0,0,0,1,0.25,0.25,1,1.25,0,4,0,0,0,0,0,0
206,daviswa01,32,COL,65.1,,69,261,233,31,43,7,3,8,8,0,26,78,0.185,0.272,0.343,0.615,0.238,80,4,2,0,0,0,0
207,dejonch01,24,MIN,17.2,,4,74,68,9,18,4,1,3,0,1,6,13,0.265,0.324,0.485,0.81,0.288,33,3,0,0,0,0,1
208,rosajo01,37,TOT,56,,59,243,210,25,51,9,1,6,4,0,27,47,0.243,0.329,0.381,0.71,0.283,80,9,1,3,2,4,4
209,rosajo01,37,ARI,35,,42,158,133,19,37,7,0,6,3,0,19,27,0.278,0.368,0.466,0.834,0.304,62,8,1,3,2,3,2
210,rosajo01,37,CHC,21,,17,85,77,6,14,2,1,0,1,0,8,20,0.182,0.259,0.234,0.493,0.246,18,1,0,0,0,1,2
211,delosen01,22,PHI,19,,7,81,70,10,19,5,2,2,0,1,8,15,0.271,0.35,0.486,0.836,0.315,34,2,1,1,1,0,0
212,deetzde01,24,HOU,3.1,,4,15,13,2,4,1,0,1,0,0,1,3,0.308,0.4,0.615,1.015,0.333,8,0,1,0,0,0,0
213,degroja01,30,NYM,217,,32,835,776,48,152,27,3,10,15,8,46,269,0.196,0.244,0.277,0.521,0.283,215,13,5,3,5,3,7
214,delgara01,28,ARI,11.1,,10,51,45,6,11,1,0,3,2,0,6,5,0.244,0.333,0.467,0.8,0.216,21,1,0,0,0,2,1
215,descada01,31,ARI,3.1,,2,15,14,3,4,1,0,2,0,0,1,2,0.286,0.333,0.786,1.119,0.2,11,0,0,0,0,0,0
216,desclan01,28,CIN,115,,21,484,443,68,118,20,1,24,4,5,30,108,0.266,0.313,0.479,0.792,0.298,212,7,2,5,4,2,4
217,despaod01,31,TOT,39,,19,188,162,34,52,12,0,4,1,0,19,35,0.321,0.39,0.469,0.86,0.378,76,4,2,1,4,1,3
218,despaod01,31,MIA,20.1,,11,91,79,16,22,6,0,1,0,0,8,18,0.278,0.344,0.392,0.737,0.339,31,2,1,1,2,1,2
219,despaod01,31,LAA,18.2,,8,97,83,18,30,6,0,3,1,0,11,17,0.361,0.433,0.542,0.975,0.415,45,2,1,0,2,0,1
220,detwiro01,32,SEA,6,,1,23,20,3,8,0,0,1,0,0,2,2,0.4,0.435,0.55,0.985,0.389,11,5,0,0,1,0,0
221,devench02,27,HOU,47.1,,50,196,178,23,42,6,0,9,8,0,13,51,0.236,0.297,0.421,0.719,0.277,75,3,3,1,1,1,1
222,diazed04,24,SEA,73.1,,73,280,257,17,41,4,1,5,5,2,17,124,0.16,0.229,0.241,0.47,0.281,62,2,6,0,0,0,2
223,diazmi02,23,SDP,18.2,,11,85,71,11,16,7,0,2,2,0,12,30,0.225,0.329,0.408,0.738,0.341,29,0,0,0,2,2,0
224,diekmja01,31,TOT,53.1,,71,243,204,33,49,11,1,4,2,2,31,66,0.24,0.354,0.363,0.717,0.331,74,7,6,0,2,2,6
225,diekmja01,31,TEX,39,,47,172,144,18,31,7,1,2,2,1,23,48,0.215,0.331,0.319,0.651,0.302,46,6,3,0,2,1,5
226,diekmja01,31,ARI,14.1,,24,71,60,15,18,4,0,2,0,1,8,18,0.3,0.408,0.467,0.875,0.4,28,1,3,0,0,1,1
227,dixonbr01,26,CIN,1.1,,2,4,4,0,0,0,0,0,0,0,0,1,0,0,0,0,0,0,0,0,0,0,0,0
228,dominse01,23,PHI,58,,53,231,204,19,32,7,0,4,1,0,22,74,0.157,0.251,0.25,0.501,0.22,51,3,4,0,1,2,2
229,doolise01,31,WSN,45,,43,163,155,8,21,3,0,3,4,2,6,60,0.135,0.178,0.213,0.391,0.196,33,1,2,0,0,1,3
230,drakeol01,31,TOT,47.2,,44,209,190,29,52,14,1,4,2,1,17,51,0.274,0.337,0.421,0.758,0.356,80,4,1,1,0,1,1
231,drakeol01,31,TOT,35,,33,151,141,20,38,8,1,4,2,1,9,36,0.27,0.318,0.426,0.743,0.337,60,2,1,0,0,0,0
232,drakeol01,31,MIL,12.2,,11,58,49,9,14,6,0,0,0,0,8,15,0.286,0.386,0.408,0.794,0.412,20,2,0,1,0,1,1
233,drakeol01,31,CLE,4.1,,4,22,20,6,7,2,0,0,0,0,1,4,0.35,0.409,0.45,0.859,0.438,9,0,1,0,0,0,0
234,drakeol01,31,LAA,8.2,,8,40,39,5,15,2,0,2,0,1,1,8,0.385,0.4,0.59,0.99,0.448,23,1,0,0,0,0,0
235,drakeol01,31,TOR,1.2,,2,9,9,3,4,2,1,0,0,0,0,2,0.444,0.444,0.889,1.333,0.571,8,0,0,0,0,0,0
236,drakeol01,31,MIN,20.1,,19,80,73,6,12,2,0,2,2,0,7,22,0.164,0.238,0.274,0.511,0.204,20,1,0,0,0,0,0
237,duensbr01,35,CHC,37.2,,48,181,147,33,42,8,0,6,2,0,29,24,0.286,0.4,0.463,0.863,0.3,68,5,1,1,3,2,2
238,duffety01,27,MIN,25,,19,107,100,22,26,8,1,6,0,0,4,19,0.26,0.29,0.54,0.83,0.26,54,2,1,0,2,0,2
239,duffyda01,29,KCR,155,,28,692,610,86,161,24,3,23,5,2,70,141,0.264,0.341,0.426,0.767,0.305,260,6,4,2,6,1,4
240,dukeza01,35,TOT,52,,72,240,210,28,57,9,2,1,0,0,21,51,0.271,0.353,0.348,0.701,0.352,73,4,6,2,1,4,4
241,dukeza01,35,MIN,37.1,,45,178,156,19,44,3,2,0,0,0,15,39,0.282,0.362,0.327,0.689,0.373,51,2,5,1,1,4,4
242,dukeza01,35,SEA,14.2,,27,62,54,9,13,6,0,1,0,0,6,12,0.241,0.328,0.407,0.735,0.293,22,2,1,1,0,0,0
243,dullry01,28,OAK,25.1,,28,100,91,12,22,1,1,3,0,2,7,21,0.242,0.293,0.374,0.667,0.279,34,3,0,1,1,0,0
244,dunnmi01,33,COL,17,,25,83,64,17,22,4,1,1,0,1,18,12,0.344,0.482,0.484,0.966,0.404,31,4,0,0,1,0,0
245,dysonsa01,30,SFG,70.1,,74,273,246,23,56,16,1,5,14,5,20,56,0.228,0.29,0.362,0.652,0.271,89,13,3,1,3,1,4
246,edwarca01,26,CHC,52,,58,222,189,17,36,8,1,2,10,0,32,67,0.19,0.308,0.275,0.583,0.283,52,2,0,1,0,1,1
247,edwarjo02,30,CLE,8.2,,9,37,33,4,6,2,0,2,0,0,4,10,0.182,0.27,0.424,0.695,0.19,14,0,0,0,0,0,1
248,eflinza01,24,PHI,128,,24,548,499,69,130,34,2,16,10,3,37,123,0.261,0.313,0.433,0.746,0.313,216,5,3,5,4,4,6
249,eickhje01,27,PHI,5.1,,3,26,26,4,10,4,0,1,0,0,0,11,0.385,0.385,0.654,1.038,0.643,17,0,0,0,0,0,0
250,eliasro01,29,SEA,51,,23,210,190,17,46,12,2,1,6,0,16,34,0.242,0.3,0.342,0.642,0.285,65,4,1,0,3,1,2
251,eovalna01,28,TOT,111,,22,455,427,55,105,19,3,14,3,1,20,101,0.246,0.282,0.403,0.685,0.288,172,10,3,1,4,1,5
252,eovalna01,28,TBR,57,,10,224,213,27,48,6,2,11,1,1,8,53,0.225,0.254,0.427,0.682,0.245,91,5,1,0,2,1,1
253,eovalna01,28,BOS,54,,12,231,214,28,57,13,1,3,2,0,12,48,0.266,0.309,0.379,0.687,0.327,81,5,2,1,2,0,4
254,erlinro01,27,SDP,109,,39,439,419,57,112,20,2,12,5,3,12,88,0.267,0.284,0.411,0.695,0.309,172,11,0,3,5,0,7
255,ervinph01,25,CIN,0.1,,1,1,1,0,0,0,0,0,0,0,0,0,0,0,0,0,0,0,0,0,0,0,0,0
256,estrama01,34,TOR,143.2,,28,627,566,91,155,49,2,29,10,4,50,103,0.274,0.331,0.521,0.852,0.286,295,5,2,1,7,0,1
257,familje01,28,TOT,72,,70,302,271,26,60,11,1,3,3,1,28,83,0.221,0.298,0.303,0.601,0.306,82,3,2,0,1,1,2
258,familje01,28,NYM,40.2,,40,171,154,13,36,7,1,1,3,1,14,43,0.234,0.304,0.312,0.616,0.315,48,2,2,0,1,1,1
259,familje01,28,OAK,31.1,,30,131,117,13,24,4,0,2,0,0,14,40,0.205,0.29,0.291,0.581,0.293,34,1,0,0,0,0,1
260,fariaja01,24,TBR,65,,17,281,242,39,60,14,2,9,3,1,33,50,0.248,0.342,0.434,0.776,0.274,105,6,3,0,3,1,2
261,farmebu01,27,DET,69.1,,66,308,263,34,67,20,0,6,4,3,41,57,0.255,0.355,0.399,0.754,0.302,105,8,1,1,2,1,4
262,farquda01,31,CHW,8,,8,29,28,5,6,2,0,3,0,0,0,9,0.214,0.207,0.607,0.814,0.176,17,1,0,0,1,0,0
263,farrelu01,27,CHC,31.1,,20,141,123,22,30,4,1,7,1,0,16,39,0.244,0.333,0.463,0.797,0.295,57,1,1,0,1,2,1
264,feddeer01,25,WSN,50.1,,11,217,192,31,55,13,1,8,6,3,22,46,0.286,0.356,0.49,0.846,0.336,94,7,0,1,2,1,0
265,felizmi01,25,PIT,47.2,,47,217,188,33,49,12,1,6,1,1,23,55,0.261,0.346,0.431,0.776,0.331,81,1,3,0,3,0,3
266,ferguca01,21,LAD,49,,29,202,187,21,43,4,2,8,1,0,12,59,0.23,0.287,0.401,0.688,0.292,75,4,3,0,0,1,3
267,fernajo04,25,TOR,10.1,,13,45,41,7,10,2,0,2,0,1,4,6,0.244,0.311,0.439,0.75,0.242,18,0,0,0,0,0,1
268,festama01,25,SEA,8.1,,8,40,37,2,13,4,0,0,2,0,2,4,0.351,0.4,0.459,0.859,0.394,17,0,1,0,0,0,0
269,fieldjo04,26,TBR,1,,1,4,3,0,0,0,0,0,0,0,1,0,0,0.25,0,0.25,0,0,0,0,0,0,0,0
270,fieldjo03,32,LAD,41,,45,154,143,10,28,6,0,4,1,0,11,33,0.196,0.253,0.322,0.575,0.226,46,3,0,0,0,1,1
271,fiersmi01,33,TOT,172,,31,714,666,71,166,32,3,32,13,4,37,139,0.249,0.296,0.45,0.746,0.27,300,9,8,1,2,1,2
272,fiersmi01,33,DET,119,,21,502,469,49,121,22,3,20,7,3,26,87,0.258,0.303,0.446,0.749,0.278,209,5,5,1,1,1,2
273,fiersmi01,33,OAK,53,,10,212,197,22,45,10,0,12,6,1,11,52,0.228,0.278,0.462,0.74,0.246,91,4,3,0,1,0,0
274,fillmhe01,24,KCR,82.1,,17,344,306,41,78,10,0,11,3,1,32,57,0.255,0.326,0.395,0.721,0.277,121,12,2,0,4,0,1
275,finnebr01,25,CIN,20.2,,5,103,85,20,27,5,0,5,6,0,15,14,0.318,0.408,0.553,0.961,0.319,47,2,0,0,3,2,0
276,fistedo01,34,TEX,66,,12,289,263,40,73,14,0,11,3,0,19,40,0.278,0.339,0.456,0.795,0.291,120,8,6,0,1,0,6
277,flaheja01,22,STL,151,,28,615,542,59,108,17,1,20,4,0,59,182,0.199,0.29,0.345,0.635,0.258,187,14,11,2,1,3,4
278,flexech01,23,NYM,6.1,,4,40,33,13,14,5,0,2,0,0,6,3,0.424,0.525,0.758,1.283,0.429,25,1,1,0,0,1,1
279,floripe01,31,PHI,2,,2,8,7,2,1,0,0,1,0,0,1,0,0.143,0.25,0.571,0.821,0,4,0,0,0,0,0,0
280,florody01,27,TOT,64,,54,271,241,17,57,12,1,3,6,1,23,58,0.237,0.302,0.332,0.634,0.295,80,5,1,3,3,6,3
281,florody01,27,CIN,36.1,,25,159,142,12,39,10,1,2,5,1,12,27,0.275,0.325,0.401,0.726,0.319,57,3,0,2,3,3,2
282,florody01,27,LAD,27.2,,29,112,99,5,18,2,0,1,1,0,11,31,0.182,0.27,0.232,0.503,0.254,23,2,1,1,0,3,1
283,flynnbr01,28,KCR,75.2,,48,336,295,37,87,17,2,5,1,0,35,47,0.295,0.373,0.417,0.79,0.335,123,16,3,1,2,3,3
284,foltymi01,26,ATL,183,,31,744,666,65,130,25,5,17,3,1,68,202,0.195,0.275,0.324,0.6,0.252,216,11,6,2,1,3,6
285,fontwi01,28,TOT,44,,19,192,175,29,46,6,1,12,1,1,16,36,0.263,0.328,0.514,0.842,0.268,90,2,1,0,0,1,1
286,fontwi01,28,TOT,33.2,,13,144,128,16,28,5,1,7,1,0,15,29,0.219,0.306,0.438,0.743,0.228,56,2,1,0,0,0,1
287,fontwi01,28,LAD,10.1,,6,48,47,13,18,1,0,5,0,1,1,7,0.383,0.396,0.723,1.119,0.371,34,0,0,0,0,1,0
288,fontwi01,28,OAK,6.2,,4,37,33,11,13,2,0,5,0,0,4,9,0.394,0.459,0.909,1.369,0.421,30,0,0,0,0,0,0
289,fontwi01,28,TBR,27,,9,107,95,5,15,3,1,2,1,0,11,20,0.158,0.252,0.274,0.526,0.178,26,2,1,0,0,0,1
290,frareca01,24,CHW,7,,11,31,26,4,6,0,0,0,0,0,4,9,0.231,0.355,0.231,0.586,0.353,6,0,1,0,0,0,0
291,freelky01,25,COL,202.1,,33,844,757,64,182,26,6,17,9,1,70,173,0.24,0.308,0.358,0.666,0.288,271,24,6,5,6,2,8
292,freemsa01,31,ATL,50.1,,63,216,179,26,41,7,0,3,4,1,32,58,0.229,0.349,0.318,0.667,0.317,57,8,2,1,2,2,2
293,friedma01,24,ATL,33.2,,14,142,116,12,26,3,1,3,3,2,20,44,0.224,0.343,0.345,0.688,0.324,40,4,2,2,2,0,1
294,fryja01,24,CHW,51.1,,59,214,191,28,37,5,1,4,2,0,20,70,0.194,0.274,0.293,0.567,0.282,56,1,1,2,0,0,5
295,frypa01,25,BAL,37.2,,35,159,140,20,33,4,0,1,1,2,15,36,0.236,0.327,0.286,0.613,0.311,40,6,4,0,0,0,3
296,fulmeca01,24,CHW,32.1,,9,164,132,32,37,7,1,8,1,0,24,29,0.28,0.405,0.53,0.935,0.299,70,1,5,1,2,0,1
297,fulmemi01,25,DET,132.1,,24,558,504,75,128,31,2,19,1,4,46,110,0.254,0.321,0.437,0.758,0.289,220,14,5,1,2,1,4
298,gagnodr01,28,NYM,12,,5,56,47,11,15,0,0,2,0,0,5,8,0.319,0.407,0.447,0.854,0.351,21,2,2,2,0,0,2
299,gallayo01,32,TOT,94.1,,21,422,370,68,107,22,6,14,4,2,47,58,0.289,0.371,0.495,0.866,0.311,183,19,2,1,1,2,5
300,gallayo01,32,CIN,2.1,,3,19,15,8,8,1,1,1,2,0,4,2,0.533,0.632,0.933,1.565,0.583,14,0,0,0,0,0,0
301,gallayo01,32,TEX,92,,18,403,355,60,99,21,5,13,2,2,43,56,0.279,0.359,0.476,0.835,0.3,169,19,2,1,1,2,5
302,gallegi01,26,TOT,11.1,,6,45,41,5,11,2,0,2,1,2,3,12,0.268,0.318,0.463,0.782,0.333,19,1,0,1,0,0,0
303,gallegi01,26,NYY,10,,4,40,36,5,10,2,0,2,1,2,3,10,0.278,0.333,0.5,0.833,0.333,18,1,0,1,0,0,0
304,gallegi01,26,STL,1.1,,2,5,5,0,1,0,0,0,0,0,0,2,0.2,0.2,0.2,0.4,0.333,1,0,0,0,0,0,0
305,gantjo01,25,STL,114,,26,487,422,54,91,20,2,9,5,1,57,95,0.216,0.309,0.336,0.646,0.255,142,7,2,2,4,3,7
306,garcigr01,28,STL,1,,1,3,3,0,1,0,0,0,0,0,0,0,0.333,0.333,0.333,0.667,0.333,1,1,0,0,0,0,0
307,garcija02,31,TOT,82,,33,369,318,57,82,21,2,13,10,3,44,73,0.258,0.351,0.459,0.811,0.295,146,7,3,2,2,2,3
308,garcija02,31,TOR,74.1,,25,335,291,53,76,21,2,13,7,3,38,69,0.261,0.35,0.481,0.831,0.299,140,6,3,1,2,1,3
309,garcija02,31,CHC,7.2,,8,34,27,4,6,0,0,0,3,0,6,4,0.222,0.364,0.222,0.586,0.261,6,1,0,1,0,1,0
310,garcija04,25,MIA,66,,29,278,247,37,59,9,1,16,5,2,28,40,0.239,0.314,0.478,0.792,0.223,118,8,0,1,2,3,3
311,garcilu03,31,PHI,46,,59,204,181,31,49,10,3,4,4,0,18,51,0.271,0.348,0.425,0.773,0.354,77,5,4,0,1,1,2
312,garciyi01,27,LAD,22.1,,25,101,95,18,29,6,1,7,0,0,4,19,0.305,0.347,0.611,0.957,0.319,58,0,2,0,0,1,2
313,gardeni01,24,TEX,5,,3,23,21,2,7,2,1,0,0,0,0,4,0.333,0.348,0.524,0.872,0.389,11,0,1,0,1,0,0
314,garream01,26,CIN,63,,66,264,234,30,56,15,1,8,1,1,25,71,0.239,0.319,0.415,0.734,0.308,97,7,3,1,1,3,1
315,garvemi01,27,MIN,1,,1,4,4,0,1,0,0,0,0,0,0,0,0.25,0.25,0.25,0.5,0.25,1,0,0,0,0,0,0
316,gausmke01,27,TOT,183.2,,31,776,715,85,189,39,3,26,11,3,50,148,0.264,0.317,0.436,0.753,0.299,312,15,7,0,4,1,3
317,gausmke01,27,BAL,124,,21,534,495,62,139,30,2,21,6,2,32,104,0.281,0.33,0.477,0.806,0.317,236,11,5,0,2,0,2
318,gausmke01,27,ATL,59.2,,10,242,220,23,50,9,1,5,5,1,18,44,0.227,0.289,0.345,0.635,0.26,76,4,2,0,2,1,1
319,gavigsa01,28,TOR,123.2,,26,548,498,77,140,25,3,21,18,5,38,105,0.281,0.335,0.47,0.804,0.316,234,3,4,4,4,1,7
320,gearrco01,32,TOT,57.1,,62,248,220,24,56,10,1,7,8,0,21,53,0.255,0.336,0.405,0.741,0.306,89,4,6,1,0,1,1
321,gearrco01,32,TOT,27.1,,27,111,100,10,23,4,1,2,4,0,8,22,0.23,0.306,0.35,0.656,0.276,35,2,3,0,0,0,0
322,gearrco01,32,SFG,30,,35,137,120,14,33,6,0,5,4,0,13,31,0.275,0.36,0.45,0.81,0.333,54,2,3,1,0,1,1
323,gearrco01,32,TEX,21.1,,21,82,74,6,13,2,0,2,3,0,6,20,0.176,0.256,0.284,0.54,0.212,21,2,2,0,0,0,0
324,gearrco01,32,OAK,6,,6,29,26,4,10,2,1,0,1,0,2,2,0.385,0.448,0.538,0.987,0.417,14,0,1,0,0,0,0
325,germado01,25,NYY,85.2,,21,375,335,55,81,19,4,15,7,0,33,102,0.242,0.317,0.457,0.774,0.3,153,2,5,0,2,0,2
326,gibsoky01,30,MIN,196.2,,32,826,733,88,177,30,3,23,3,4,79,179,0.241,0.316,0.385,0.701,0.286,282,23,4,3,7,2,6
327,gileske01,27,TOT,50.1,,55,212,203,28,54,11,2,6,4,0,7,53,0.266,0.294,0.429,0.722,0.333,87,3,1,1,0,0,2
328,gileske01,27,HOU,30.2,,34,129,126,17,36,9,1,2,1,0,3,31,0.286,0.302,0.421,0.723,0.366,53,2,0,0,0,0,0
329,gileske01,27,TOR,19.2,,21,83,77,11,18,2,1,4,3,0,4,22,0.234,0.28,0.442,0.722,0.275,34,1,1,1,0,0,2
330,gilmase01,28,BAL,27,,12,113,100,9,23,6,0,4,2,0,11,15,0.23,0.319,0.41,0.729,0.235,41,4,2,0,0,0,0
331,gimench01,35,TOT,2,,2,15,14,8,8,0,0,3,0,0,1,2,0.571,0.6,1.214,1.814,0.556,17,0,0,0,0,0,0
332,gimench01,35,CHC,1,,1,6,5,3,2,0,0,1,0,0,1,1,0.4,0.5,1,1.5,0.333,5,0,0,0,0,0,0
333,gimench01,35,MIN,1,,1,9,9,5,6,0,0,2,0,0,0,1,0.667,0.667,1.333,2,0.667,12,0,0,0,0,0,0
334,giolilu01,23,CHW,173.1,,32,775,664,123,166,40,4,27,26,4,90,125,0.25,0.35,0.444,0.794,0.269,295,15,15,1,5,2,5
335,givenmy01,28,BAL,76.2,,69,317,280,37,61,12,3,4,6,2,30,79,0.218,0.297,0.325,0.622,0.285,91,4,3,1,3,4,3
336,glasnty01,24,TOT,111.2,,45,468,410,55,89,18,1,15,21,6,53,136,0.217,0.312,0.376,0.688,0.285,154,7,4,0,1,3,4
337,glasnty01,24,PIT,56,,34,243,208,28,47,11,1,5,8,3,34,72,0.226,0.337,0.361,0.698,0.321,75,5,1,0,0,2,3
338,glasnty01,24,TBR,55.2,,11,225,202,27,42,7,0,10,13,3,19,64,0.208,0.284,0.391,0.676,0.248,79,2,3,0,1,1,1
339,gloveko01,25,WSN,16.1,,21,71,60,6,13,1,0,1,0,0,10,9,0.217,0.324,0.283,0.607,0.235,17,1,0,0,1,1,0
340,godleza01,28,ARI,178.1,,33,791,682,103,177,32,4,16,7,5,81,185,0.26,0.345,0.389,0.733,0.329,265,14,12,8,8,2,7
341,goedder01,29,TOT,36.2,,31,155,133,12,26,2,0,4,6,0,20,44,0.195,0.303,0.301,0.604,0.256,40,2,1,0,1,3,0
342,goedder01,29,SEA,7.1,,5,29,24,1,4,0,0,0,1,0,5,9,0.167,0.31,0.167,0.477,0.267,4,2,0,0,0,1,0
343,goedder01,29,LAD,29.1,,26,126,109,11,22,2,0,4,5,0,15,35,0.202,0.302,0.33,0.632,0.254,36,0,1,0,1,2,0
344,goharlu01,21,ATL,19.2,,9,82,72,13,16,4,1,3,0,0,8,18,0.222,0.296,0.431,0.727,0.25,31,0,0,1,1,0,0
345,gombeau01,24,STL,75,,29,334,292,40,81,18,3,7,1,2,32,67,0.277,0.355,0.432,0.786,0.336,126,8,4,4,2,4,3
346,gomezca01,32,TBR,0.1,,1,5,1,3,0,0,0,0,0,0,4,0,0,0.8,0,0.8,0,0,0,0,0,0,0,0
347,gomezje01,30,CHW,25,,26,114,99,15,29,7,0,3,2,1,10,27,0.293,0.354,0.455,0.809,0.361,45,0,1,1,3,1,1
348,gomezro01,28,SFG,9.1,,5,49,47,11,20,4,0,0,1,1,1,8,0.426,0.449,0.511,0.96,0.513,24,0,1,0,0,0,1
349,gonsast01,23,MIN,24.2,,7,122,99,22,28,4,1,2,0,2,22,16,0.283,0.418,0.404,0.822,0.321,40,2,1,0,0,0,2
350,gonzama02,26,SEA,166.2,,29,686,643,76,172,39,2,17,4,5,32,145,0.267,0.307,0.414,0.72,0.32,266,23,6,1,4,0,10
351,gonzagi01,32,TOT,171,,32,746,652,84,167,40,1,17,5,6,80,148,0.256,0.335,0.399,0.734,0.302,260,12,2,3,9,2,5
352,gonzagi01,32,WSN,145.2,,27,646,563,77,153,38,0,15,4,5,70,126,0.272,0.35,0.419,0.769,0.321,236,11,2,3,8,2,3
353,gonzagi01,32,MIL,25.1,,5,100,89,7,14,2,1,2,1,1,10,22,0.157,0.24,0.27,0.51,0.182,24,1,0,0,1,0,2
354,gonzame01,22,MIA,22,,8,103,95,14,31,3,1,4,1,0,8,19,0.326,0.379,0.505,0.884,0.375,48,2,0,0,0,1,0
355,gonzami03,34,CHW,12.1,,3,66,60,18,24,7,2,4,0,1,6,5,0.4,0.455,0.783,1.238,0.392,47,0,0,0,0,0,1
356,goodyni01,26,CLE,11.2,,12,58,52,9,15,5,1,4,0,0,5,12,0.288,0.362,0.654,1.016,0.306,34,0,1,0,0,1,2
357,gosseda01,25,OAK,24.1,,5,102,93,14,25,6,0,5,2,0,8,12,0.269,0.333,0.495,0.828,0.263,46,3,1,0,0,0,1
358,gotttr01,25,WSN,19,,20,84,70,13,19,4,0,4,3,1,10,15,0.271,0.369,0.5,0.869,0.283,35,3,2,0,2,1,0
359,gracema02,29,WSN,59.2,,56,247,229,22,55,7,2,5,2,1,13,48,0.24,0.285,0.354,0.638,0.281,81,4,2,1,2,2,5
360,graveke01,27,OAK,34.1,,7,158,144,32,44,5,1,9,1,3,13,27,0.306,0.367,0.542,0.909,0.324,78,3,1,0,0,0,2
361,gravebr01,25,MIA,33.1,,21,148,132,22,41,11,0,3,3,0,12,21,0.311,0.385,0.462,0.847,0.352,61,7,4,0,0,2,1
362,grayjo02,26,COL,172.1,,31,743,677,102,180,36,4,27,12,4,52,183,0.266,0.322,0.451,0.773,0.326,305,12,6,4,3,1,4
363,grayso01,28,NYY,130.1,,30,582,511,73,138,34,0,14,7,1,57,123,0.27,0.349,0.419,0.768,0.327,214,6,8,1,5,0,1
364,greench03,27,NYY,75.2,,63,298,279,22,64,13,0,9,8,6,15,94,0.229,0.268,0.373,0.641,0.307,104,2,1,0,3,2,0
365,greensh02,29,DET,63.1,,66,279,254,39,68,6,4,12,1,2,19,65,0.268,0.323,0.465,0.787,0.311,118,3,3,0,3,1,4
366,gregelu01,34,STL,12.2,,17,57,51,10,14,5,0,2,0,0,6,12,0.275,0.351,0.49,0.841,0.324,25,2,0,0,0,0,1
367,greinza01,34,ARI,207.2,,33,839,784,77,181,37,2,28,2,5,43,199,0.231,0.275,0.39,0.665,0.273,306,7,6,3,3,3,4
368,grimmju01,29,TOT,17.1,,21,83,64,20,19,4,0,3,3,1,14,11,0.297,0.407,0.5,0.907,0.302,32,2,0,2,3,1,2
369,grimmju01,29,KCR,12.2,,16,67,49,19,17,3,0,2,3,1,14,8,0.347,0.477,0.531,1.008,0.366,26,2,0,2,2,1,2
370,grimmju01,29,SEA,4.2,,5,16,15,1,2,1,0,1,0,0,0,3,0.133,0.125,0.4,0.525,0.083,6,0,0,0,1,0,0
371,gsellro01,24,NYM,80,,68,345,304,44,76,14,1,8,6,0,28,70,0.25,0.319,0.382,0.7,0.294,116,7,5,3,5,6,7
372,guduare01,26,HOU,3.1,,3,11,11,1,1,0,0,1,0,0,0,4,0.091,0.091,0.364,0.455,0,4,0,0,0,0,0,1
373,guerrja01,32,MIA,35.2,,32,162,144,27,42,11,2,4,0,0,12,30,0.292,0.356,0.479,0.835,0.342,69,3,3,2,1,2,2
374,guerrju02,33,MIL,141,,31,611,542,74,143,33,1,19,8,4,55,136,0.264,0.334,0.434,0.767,0.317,235,10,4,5,4,0,5
375,guerrta01,27,MIA,58,,60,268,233,40,64,11,1,8,4,1,30,68,0.275,0.363,0.433,0.797,0.354,101,3,3,0,1,1,1
376,guerrta02,25,TOR,9.2,,9,44,37,5,9,0,0,1,1,0,4,8,0.243,0.364,0.324,0.688,0.286,12,1,3,0,0,0,0
377,guilmpr01,30,TOT,10,,8,52,46,13,18,8,0,6,0,0,4,8,0.391,0.431,0.957,1.388,0.364,44,0,0,1,1,1,0
378,guilmpr01,30,STL,2,,2,13,12,5,7,3,0,2,0,0,0,3,0.583,0.538,1.333,1.872,0.625,16,0,0,0,1,0,0
379,guilmpr01,30,TOR,8,,6,39,34,8,11,5,0,4,0,0,4,5,0.324,0.395,0.824,1.218,0.28,28,0,0,1,0,1,0
380,guyerbr01,32,CLE,1,,1,3,3,0,0,0,0,0,0,0,0,0,0,0,0,0,0,0,0,0,0,0,0,0
381,gyorkje01,29,STL,1,,1,6,5,1,2,1,0,1,0,0,0,0,0.4,0.5,1.2,1.7,0.25,6,0,1,0,0,0,0
382,haderjo01,24,MIL,81.1,,55,306,272,23,36,7,1,9,2,1,30,143,0.132,0.22,0.265,0.484,0.221,72,1,1,1,2,0,1
383,haleda02,30,TOT,13.2,,4,62,56,7,16,5,0,3,0,0,5,8,0.286,0.355,0.536,0.891,0.289,30,1,1,0,0,0,0
384,haleda02,30,NYY,10.2,,3,46,44,3,12,4,0,2,0,0,1,6,0.273,0.304,0.5,0.804,0.278,22,0,1,0,0,0,0
385,haleda02,30,MIN,3,,1,16,12,4,4,1,0,1,0,0,4,2,0.333,0.5,0.667,1.167,0.333,8,1,0,0,0,0,0
386,haleyju01,27,BOS,7.2,,4,35,31,4,10,2,0,2,0,0,3,0,0.323,0.371,0.581,0.952,0.267,18,0,0,0,1,0,0
387,hallma02,24,DET,8,,5,48,42,16,19,4,1,1,0,1,3,5,0.452,0.479,0.667,1.146,0.474,28,0,1,0,2,0,2
388,hamelco01,34,TOT,190.2,,32,806,715,93,176,29,5,29,19,5,65,188,0.246,0.324,0.422,0.746,0.293,302,26,19,1,4,0,11
389,hamelco01,34,TEX,114.1,,20,502,445,70,115,23,2,23,15,1,42,114,0.258,0.337,0.474,0.811,0.296,211,14,12,0,3,0,9
390,hamelco01,34,CHC,76.1,,12,304,270,23,61,6,3,6,4,4,23,74,0.226,0.302,0.337,0.639,0.288,91,12,7,1,1,0,2
391,hamilia01,23,CHW,8,,10,33,29,5,6,0,0,2,0,0,2,5,0.207,0.273,0.414,0.687,0.174,12,1,1,0,1,0,1
392,hammeja01,35,KCR,127,,39,583,533,91,168,37,5,18,9,5,39,92,0.315,0.362,0.505,0.867,0.35,269,6,3,2,5,4,5
393,hancoju01,27,CHC,12.1,,10,49,40,2,5,1,0,1,0,1,9,11,0.125,0.286,0.225,0.511,0.143,9,1,0,0,0,0,0
394,handbr01,28,TOT,72,,69,301,262,28,52,16,1,8,0,1,28,106,0.198,0.298,0.359,0.656,0.297,94,6,9,2,0,2,3
395,handbr01,28,SDP,44.1,,41,186,163,21,33,11,1,5,0,1,15,65,0.202,0.297,0.374,0.672,0.301,61,4,7,1,0,1,2
396,handbr01,28,CLE,27.2,,28,115,99,7,19,5,0,3,0,0,13,41,0.192,0.298,0.333,0.632,0.291,33,2,2,1,0,1,1
397,hanhoer01,24,NYM,2.1,,3,13,11,2,4,1,0,0,0,0,1,2,0.364,0.462,0.455,0.916,0.444,5,0,1,0,0,0,0
398,happia01,23,CHC,1,,1,4,4,0,1,1,0,0,0,0,0,0,0.25,0.25,0.5,0.75,0.25,2,0,0,0,0,0,0
399,happja01,35,TOT,177.2,,31,733,668,81,150,27,1,27,6,3,51,193,0.225,0.288,0.389,0.677,0.273,260,14,9,2,2,0,7
400,happja01,35,TOR,114,,20,475,433,61,99,17,0,17,5,1,35,130,0.229,0.292,0.386,0.677,0.286,167,9,4,1,1,0,5
401,happja01,35,NYY,63.2,,11,258,235,20,51,10,1,10,1,2,16,63,0.217,0.28,0.396,0.676,0.252,93,5,5,1,1,0,2
402,hardybl01,31,DET,86,,30,351,322,37,79,15,3,10,5,2,22,66,0.245,0.294,0.404,0.698,0.276,130,7,2,1,4,1,2
403,harriwi10,33,HOU,56.2,,61,230,212,22,48,7,1,3,4,2,14,64,0.226,0.279,0.311,0.591,0.308,66,4,2,1,1,1,2
404,hartdo01,27,BAL,19.1,,20,99,86,13,31,5,0,2,3,0,12,13,0.36,0.434,0.488,0.923,0.403,42,1,0,0,1,0,1
405,harvema01,29,TOT,155,,32,663,609,87,165,32,3,27,6,3,37,131,0.271,0.317,0.466,0.783,0.303,284,10,6,6,5,2,4
406,harvema01,29,NYM,27,,8,123,109,21,33,9,0,6,2,0,9,20,0.303,0.355,0.55,0.906,0.318,60,2,1,2,2,0,2
407,harvema01,29,CIN,128,,24,540,500,66,132,23,3,21,4,3,28,111,0.264,0.308,0.448,0.756,0.299,224,8,5,4,3,2,2
408,hatchch02,33,OAK,36.1,,34,167,149,23,43,5,0,7,0,1,17,30,0.289,0.365,0.463,0.828,0.321,69,3,1,0,0,1,1
409,hauscmi01,28,TOR,8.1,,2,36,29,4,7,2,0,0,1,0,4,5,0.241,0.361,0.31,0.671,0.28,9,2,2,0,1,0,0
410,heanean01,27,LAA,180,,30,749,689,91,171,31,3,27,2,1,45,180,0.248,0.3,0.419,0.719,0.296,289,17,8,2,5,0,4
411,hellije01,31,WSN,91.1,,19,370,339,41,78,17,2,11,0,0,20,65,0.23,0.288,0.389,0.677,0.254,132,9,8,2,1,1,2
412,hembrhe01,29,BOS,60,,67,260,227,30,53,9,2,10,3,2,27,76,0.233,0.312,0.423,0.734,0.295,96,2,1,0,5,1,3
413,hendrky01,28,CHC,199,,33,812,745,82,184,31,5,22,10,3,44,161,0.247,0.294,0.391,0.685,0.285,291,18,9,7,7,4,8
414,hendrli01,29,OAK,24,,25,104,92,11,25,4,0,3,5,1,10,22,0.272,0.346,0.413,0.759,0.324,38,2,1,0,1,0,0
415,hernada01,33,CIN,64,,57,254,230,20,46,14,3,6,1,0,17,65,0.2,0.27,0.365,0.635,0.252,84,5,5,2,0,1,2
416,hernael01,23,MIA,65.2,,32,284,250,38,68,11,2,11,0,4,27,45,0.272,0.345,0.464,0.809,0.291,116,5,2,3,2,3,0
417,hernaen02,26,LAD,0.1,,1,4,2,3,1,0,0,1,0,0,2,0,0.5,0.75,2,2.75,0,4,0,0,0,0,0,0
418,hernafe02,32,SEA,155.2,,29,685,606,107,159,35,2,27,10,1,59,125,0.262,0.338,0.46,0.798,0.288,279,16,12,3,4,0,5
419,herreke01,28,TOT,44.1,,48,184,171,12,43,4,1,6,2,0,10,38,0.251,0.297,0.392,0.689,0.291,67,4,1,1,0,0,0
420,herreke01,28,KCR,25.2,,27,95,92,3,19,1,0,2,1,0,2,22,0.207,0.223,0.283,0.506,0.25,26,3,0,1,0,0,0
421,herreke01,28,WSN,18.2,,21,89,79,9,24,3,1,4,1,0,8,16,0.304,0.375,0.519,0.894,0.339,41,1,1,0,0,0,0
422,hessda01,24,BAL,103.1,,21,454,404,64,106,23,1,22,6,3,37,74,0.262,0.333,0.488,0.821,0.269,197,6,8,1,4,2,4
423,hicksjo03,21,STL,77.2,,73,339,284,33,59,6,1,2,3,0,45,70,0.208,0.33,0.257,0.587,0.266,73,12,8,0,2,2,4
424,hildetr01,27,MIN,73,,73,319,285,46,75,21,2,12,11,0,26,70,0.263,0.326,0.477,0.803,0.306,136,4,2,3,3,9,3
425,hillri01,38,LAD,132.2,,25,547,493,57,108,23,3,20,6,2,41,150,0.219,0.289,0.4,0.689,0.272,197,4,8,4,1,3,5
426,hillti01,28,KCR,45.2,,70,198,179,28,46,9,0,4,3,0,14,42,0.257,0.316,0.374,0.691,0.313,67,4,2,2,1,0,3
427,hiranyo01,34,ARI,66.1,,75,262,235,22,49,7,2,6,2,0,23,59,0.209,0.284,0.332,0.615,0.251,78,14,2,1,1,4,3
428,hoffmje02,25,COL,8.2,,6,44,37,9,15,1,1,0,0,1,7,5,0.405,0.5,0.486,0.986,0.469,18,3,0,0,0,1,0
429,holadbr01,30,MIA,2,,2,10,10,3,4,2,0,1,0,0,0,1,0.4,0.4,0.9,1.3,0.375,9,0,0,0,0,0,0
430,holdejo02,25,NYY,66,,60,272,248,27,53,14,0,4,4,2,19,60,0.214,0.27,0.319,0.589,0.263,79,2,1,2,2,3,5
431,hollade01,31,SFG,171.1,,36,727,640,74,154,42,3,19,7,2,67,169,0.241,0.313,0.405,0.718,0.294,259,12,4,9,7,6,10
432,hollagr01,32,TOT,46.1,,56,212,178,30,43,5,3,2,0,0,32,47,0.242,0.36,0.337,0.697,0.318,60,4,1,1,0,2,2
433,hollagr01,32,STL,25,,32,132,109,28,34,4,3,1,0,0,22,22,0.312,0.427,0.431,0.859,0.384,47,1,0,1,0,2,2
434,hollagr01,32,WSN,21.1,,24,80,69,2,9,1,0,1,0,0,10,25,0.13,0.25,0.188,0.438,0.186,13,3,1,0,0,0,0
435,holmecl01,25,PIT,26.1,,11,129,103,21,30,5,0,2,4,0,23,21,0.291,0.426,0.398,0.824,0.346,41,4,2,0,1,1,0
436,hoovejj01,30,MIL,1.1,,2,10,8,3,4,0,0,1,0,0,2,0,0.5,0.6,0.875,1.475,0.429,7,0,0,0,0,0,0
437,housead01,25,MIL,13.2,,7,59,51,5,13,4,1,0,0,0,7,8,0.255,0.356,0.373,0.728,0.302,19,3,1,0,0,0,0
438,howarsa01,25,COL,4,,4,20,16,1,5,2,0,0,0,0,3,1,0.313,0.45,0.438,0.888,0.333,7,1,1,0,0,0,0
439,hoytja01,31,HOU,0.1,,1,3,2,0,1,0,0,0,0,0,1,0,0.5,0.667,0.5,1.167,0.5,1,0,0,0,0,0,0
440,huch02,24,TBR,13,,5,50,47,6,7,1,0,2,0,0,3,12,0.149,0.2,0.298,0.498,0.152,14,0,0,0,0,0,1
441,hudsoda02,23,STL,27.1,,26,118,97,9,19,4,0,0,0,0,18,19,0.196,0.322,0.237,0.559,0.238,23,3,1,0,2,0,3
442,hudsoda01,31,LAD,46,,40,197,175,25,38,5,0,6,6,0,18,44,0.217,0.305,0.349,0.653,0.256,61,3,4,0,0,1,2
443,hugheja02,32,CIN,78.2,,72,298,269,17,57,7,1,4,7,2,23,59,0.212,0.276,0.29,0.566,0.254,78,13,2,1,3,2,0
444,hugheph01,32,TOT,32.2,,23,152,140,23,44,7,0,11,1,0,10,32,0.314,0.362,0.6,0.962,0.337,84,0,1,0,1,1,0
445,hugheph01,32,MIN,12,,7,55,48,9,14,3,0,4,0,0,5,8,0.292,0.364,0.604,0.968,0.27,29,0,1,0,1,1,0
446,hugheph01,32,SDP,20.2,,16,97,92,14,30,4,0,7,1,0,5,24,0.326,0.361,0.598,0.959,0.377,55,0,0,0,0,0,0
447,hunteto02,31,PHI,64,,65,270,250,28,65,20,3,6,6,1,15,51,0.26,0.309,0.436,0.745,0.304,109,5,3,1,1,1,2
448,hutchdr01,27,TOT,42.2,,16,199,164,32,50,7,1,9,6,0,26,31,0.305,0.398,0.524,0.922,0.32,86,5,2,3,4,0,1
449,hutchdr01,27,PHI,21.1,,11,94,77,11,21,2,1,4,0,0,13,19,0.273,0.376,0.481,0.857,0.304,37,4,1,1,2,0,1
450,hutchdr01,27,TEX,21.1,,5,105,87,21,29,5,0,5,6,0,13,12,0.333,0.417,0.563,0.981,0.333,49,1,1,2,2,0,0
451,iglesra01,28,CIN,72,,66,291,261,22,52,9,0,12,1,1,25,80,0.199,0.272,0.372,0.644,0.234,97,4,2,1,2,2,2
452,infangr01,30,CHW,9,,10,42,33,8,12,4,0,0,1,1,8,6,0.364,0.476,0.485,0.961,0.429,16,2,0,0,1,2,0
453,jacksed01,34,OAK,92,,17,381,339,37,75,20,0,12,2,6,37,68,0.221,0.301,0.386,0.687,0.242,131,5,2,2,1,1,5
454,jackslu01,26,ATL,40.2,,35,184,158,22,41,10,1,3,5,3,21,46,0.259,0.35,0.392,0.742,0.342,62,1,2,1,2,3,1
455,jamesjo02,25,HOU,23,,6,91,82,6,15,4,0,3,1,0,7,29,0.183,0.264,0.341,0.605,0.24,28,2,2,0,0,0,0
456,janseke01,30,LAD,71.2,,69,289,269,28,54,8,1,13,11,0,17,82,0.201,0.253,0.383,0.635,0.234,103,2,2,0,1,1,4
457,jeffrje01,30,MIL,76.2,,73,299,269,12,49,5,2,5,4,1,27,89,0.182,0.258,0.271,0.53,0.25,73,7,1,1,1,4,4
458,jennida01,31,MIL,64.1,,72,271,240,27,66,13,2,6,2,2,23,45,0.275,0.337,0.421,0.758,0.313,101,10,1,4,3,1,1
459,jepseke01,33,TEX,16.2,,21,77,63,13,15,2,1,4,0,0,11,8,0.238,0.355,0.492,0.847,0.212,31,5,1,1,1,1,4
460,jerezwi01,26,LAA,15,,17,71,63,14,17,3,0,3,1,1,8,15,0.27,0.352,0.46,0.812,0.311,29,0,0,0,0,0,2
461,jewelja01,25,LAA,2,,3,11,8,2,2,1,0,0,0,0,1,1,0.25,0.455,0.375,0.83,0.286,3,0,2,0,0,0,0
462,jimenjo02,23,DET,62.2,,68,267,239,34,53,14,1,5,3,1,22,78,0.222,0.293,0.351,0.645,0.304,84,2,3,0,2,3,3
463,johnsbr02,27,BOS,99.1,,38,434,395,49,104,19,2,16,3,1,38,87,0.263,0.329,0.443,0.773,0.301,175,6,1,0,0,0,3
464,johnsdj01,28,COL,6.1,,7,27,25,3,6,0,0,0,0,0,2,9,0.24,0.296,0.24,0.536,0.375,6,0,0,0,0,0,0
465,johnsji04,35,LAA,63.1,,62,268,239,38,64,6,1,9,4,3,22,45,0.268,0.327,0.414,0.741,0.291,99,8,1,2,4,1,5
466,johnspi01,27,SFG,43.2,,37,186,161,27,38,8,3,5,5,2,22,36,0.236,0.324,0.416,0.74,0.27,67,3,0,1,2,1,1
467,jonesna01,32,CHW,30,,33,137,117,14,28,5,0,4,1,0,15,32,0.239,0.338,0.385,0.723,0.293,45,2,3,1,1,0,2
468,junisja01,25,KCR,177,,30,758,688,94,182,27,4,32,7,4,43,164,0.265,0.318,0.455,0.773,0.3,313,11,15,4,8,1,7
469,juradar01,22,TEX,54.2,,12,241,222,36,66,11,2,7,1,0,18,22,0.297,0.35,0.459,0.809,0.306,102,6,0,1,0,1,3
470,kahnlto01,28,NYY,23.1,,24,107,90,22,23,9,0,3,0,1,15,30,0.256,0.355,0.456,0.811,0.339,41,2,0,0,2,0,2
471,kelake01,25,TOT,52,,54,212,191,19,38,9,1,5,6,2,19,66,0.199,0.27,0.335,0.605,0.273,64,1,0,1,1,2,2
472,kelake01,25,TEX,36.2,,38,152,136,14,28,5,1,3,4,0,14,44,0.206,0.278,0.324,0.602,0.278,44,1,0,1,1,1,1
473,kelake01,25,PIT,15.1,,16,60,55,5,10,4,0,2,2,2,5,22,0.182,0.25,0.364,0.614,0.258,20,0,0,0,0,1,1
474,kellebr01,22,KCR,140.1,,41,583,528,50,133,19,2,7,7,4,50,96,0.252,0.317,0.335,0.653,0.294,177,18,2,0,3,1,3
475,kellesh01,34,TOT,49,,54,190,176,16,33,13,0,7,1,0,11,50,0.188,0.237,0.381,0.618,0.215,67,0,1,0,2,3,0
476,kellesh01,34,WSN,32.1,,35,128,121,12,26,11,0,7,1,0,5,32,0.215,0.25,0.479,0.729,0.229,58,0,1,0,1,1,0
477,kellesh01,34,OAK,16.2,,19,62,55,4,7,2,0,0,0,0,6,18,0.127,0.21,0.164,0.373,0.184,9,0,0,0,1,2,0
478,kellyca01,28,SFG,23.2,,7,104,96,10,28,5,2,3,0,1,5,16,0.292,0.327,0.479,0.806,0.316,46,1,1,0,2,1,2
479,kellyjo05,30,BOS,65.2,,73,285,244,34,57,6,3,4,7,1,32,68,0.234,0.33,0.332,0.662,0.301,81,6,5,0,4,0,3
480,kennebr02,23,SDP,26.2,,6,128,109,20,36,4,1,6,4,0,12,18,0.33,0.403,0.55,0.954,0.349,60,1,2,4,1,1,0
481,kenneia01,33,KCR,119.2,,22,518,471,66,125,26,2,20,1,0,40,105,0.265,0.323,0.456,0.779,0.302,215,6,1,4,2,2,3
482,kershcl01,30,LAD,161.1,,26,650,612,55,139,30,2,17,3,2,29,155,0.227,0.264,0.366,0.63,0.276,224,8,2,3,2,0,9
483,keuchda01,30,HOU,204.2,,34,874,802,92,211,48,1,18,3,0,58,153,0.263,0.311,0.393,0.704,0.302,315,18,2,3,9,0,11
484,kiekhde01,29,OAK,2,,4,14,12,4,7,2,0,1,0,0,1,1,0.583,0.615,1,1.615,0.6,12,0,0,1,0,1,0
485,kimbrcr01,30,BOS,62.1,,63,247,213,19,31,9,2,7,4,0,31,96,0.146,0.26,0.305,0.565,0.218,65,2,2,1,0,0,0
486,kingesc01,24,PHI,1.1,,1,8,8,2,4,2,0,0,0,0,0,0,0.5,0.5,0.75,1.25,0.5,6,0,0,0,0,0,0
487,kinghni01,26,PIT,76,,18,342,305,50,79,21,1,18,1,2,26,69,0.259,0.325,0.511,0.837,0.277,156,2,5,4,2,3,7
488,kinlety01,27,TOT,11,,13,57,48,15,15,4,0,2,2,0,8,13,0.313,0.421,0.521,0.942,0.394,25,0,1,0,0,2,0
489,kinlety01,27,MIN,3.1,,4,23,19,9,9,1,0,2,0,0,4,4,0.474,0.565,0.842,1.407,0.538,16,0,0,0,0,0,0
490,kinlety01,27,MIA,7.2,,9,34,29,6,6,3,0,0,2,0,4,9,0.207,0.324,0.31,0.634,0.3,9,0,1,0,0,2,0
491,kintzbr01,33,TOT,60.2,,70,263,234,31,67,13,3,5,2,5,22,43,0.286,0.355,0.432,0.787,0.33,101,7,4,1,2,5,1
492,kintzbr01,33,WSN,42.2,,45,175,158,17,40,10,1,2,0,4,13,31,0.253,0.322,0.367,0.689,0.304,58,5,3,1,0,3,0
493,kintzbr01,33,CHC,18,,25,88,76,14,27,3,2,3,2,1,9,12,0.355,0.42,0.566,0.986,0.381,43,2,1,0,2,2,1
494,kittran01,28,TBR,38.1,,33,181,160,34,54,12,1,7,0,0,17,30,0.338,0.4,0.556,0.956,0.376,89,5,1,1,2,5,0
495,klubeco01,32,CLE,215,,33,842,801,75,179,32,4,25,4,7,34,222,0.223,0.257,0.367,0.624,0.277,294,16,3,2,2,0,8
496,knebeco01,26,MIL,55.1,,57,223,196,23,38,8,3,7,7,5,22,88,0.194,0.287,0.372,0.659,0.304,73,3,4,0,1,0,1
497,kochma01,27,ARI,86.2,,19,360,329,43,88,15,1,19,1,1,22,50,0.267,0.324,0.492,0.816,0.264,162,18,6,2,1,1,5
498,kolarad01,29,TBR,34.1,,31,141,134,15,38,12,0,0,0,0,5,19,0.284,0.312,0.373,0.685,0.328,50,5,1,0,1,1,1
499,kontoge01,33,TOT,26.2,,28,116,103,14,27,5,1,5,5,1,7,15,0.262,0.322,0.476,0.797,0.259,49,0,3,1,2,0,3
500,kontoge01,33,TOT,7,,7,27,25,2,4,1,0,1,1,0,2,6,0.16,0.222,0.32,0.542,0.167,8,0,0,0,0,0,0
501,kontoge01,33,PIT,19.2,,21,89,78,12,23,4,1,4,4,1,5,9,0.295,0.352,0.526,0.878,0.284,41,0,3,1,2,0,3
502,kontoge01,33,CLE,5.1,,6,21,19,2,3,1,0,1,1,0,2,4,0.158,0.238,0.368,0.607,0.143,7,0,0,0,0,0,0
503,kontoge01,33,NYY,1.2,,1,6,6,0,1,0,0,0,0,0,0,2,0.167,0.167,0.167,0.333,0.25,1,0,0,0,0,0,0
504,kopecmi01,22,CHW,14.1,,4,68,61,8,20,5,0,4,1,1,2,15,0.328,0.397,0.607,1.004,0.381,37,1,5,0,0,0,0
505,kratzer01,38,MIL,3,,3,12,10,2,3,0,0,0,0,0,1,2,0.3,0.333,0.3,0.633,0.333,3,1,0,0,1,0,0
506,krehbjo01,25,ARI,3,,2,12,10,0,1,0,0,0,0,0,2,0,0.1,0.25,0.1,0.35,0.1,1,0,0,0,0,0,0
507,krolia01,27,LAA,2,,1,8,7,0,1,0,0,0,0,0,1,2,0.143,0.25,0.143,0.393,0.2,1,0,0,0,0,0,0
508,kuhlch01,25,PIT,85,,16,373,324,47,89,13,3,14,4,6,33,81,0.275,0.343,0.463,0.806,0.319,150,5,4,6,6,1,5
509,lasteto01,29,CHC,1.1,,1,6,6,1,3,0,0,1,0,0,0,0,0.5,0.5,1,1.5,0.4,6,1,0,0,0,0,0
510,lamarry01,29,MIN,0.2,,1,3,3,1,1,0,0,1,0,0,0,0,0.333,0.333,1.333,1.667,0,4,0,0,0,0,0,0
511,lambjo02,27,LAA,10,,3,50,46,10,15,6,0,4,0,0,4,11,0.326,0.38,0.717,1.097,0.355,33,0,0,0,0,1,1
512,lauerer01,23,SDP,112,,23,504,446,61,127,21,2,15,5,2,46,100,0.285,0.358,0.442,0.8,0.336,197,7,6,4,2,2,8
513,lawde01,27,SFG,13.1,,7,66,56,13,16,3,1,2,1,0,8,12,0.286,0.379,0.482,0.861,0.326,27,1,1,0,1,0,2
514,lawreca01,30,SEA,23.1,,11,106,94,19,28,10,1,2,1,0,10,14,0.298,0.377,0.489,0.867,0.333,46,5,2,0,0,1,1
515,leakemi01,30,SEA,185.2,,31,784,739,98,207,44,5,23,2,5,34,119,0.28,0.316,0.447,0.762,0.307,330,24,6,1,3,3,12
516,leblawa01,33,SEA,162,,32,662,614,74,151,32,1,24,4,4,40,130,0.246,0.293,0.419,0.712,0.274,257,8,3,1,4,1,4
517,leclejo01,24,TEX,57.2,,59,223,191,16,24,8,1,1,4,1,25,85,0.126,0.237,0.194,0.431,0.219,37,2,3,4,0,1,4
518,leitema02,27,TOT,23.1,,20,123,107,28,35,5,1,7,4,0,12,22,0.327,0.398,0.589,0.987,0.35,63,0,2,0,2,3,4
519,leitema02,27,PHI,16.2,,12,84,74,17,22,5,0,5,2,0,8,13,0.297,0.369,0.568,0.937,0.298,42,0,1,0,1,2,3
520,leitema02,27,TOR,6.2,,8,39,33,11,13,0,1,2,2,0,4,9,0.394,0.462,0.636,1.098,0.478,21,0,1,0,1,1,1
521,leonedo01,26,STL,24,,29,106,94,12,27,1,0,3,1,0,8,26,0.287,0.333,0.394,0.727,0.353,37,1,0,1,3,3,2
522,lestejo01,34,CHC,181.2,,32,761,681,75,174,27,3,24,14,9,64,149,0.256,0.324,0.41,0.733,0.294,279,15,6,7,3,1,6
523,lewicar01,26,DET,38.2,,13,170,150,24,48,9,1,4,5,3,14,30,0.32,0.371,0.473,0.844,0.364,71,4,1,0,5,1,2
524,liberad01,31,LAD,13,,17,54,44,4,10,1,1,1,0,2,8,12,0.227,0.358,0.364,0.722,0.29,16,2,1,1,0,0,0
525,liriafr01,34,DET,133.2,,27,586,503,84,127,18,5,19,9,3,73,110,0.252,0.35,0.421,0.771,0.285,212,16,5,0,5,0,8
526,litteza01,22,MIN,20.1,,8,101,84,17,25,10,0,3,0,0,11,14,0.298,0.4,0.524,0.924,0.324,44,2,4,1,1,0,3
527,livelbe01,26,TOT,30.1,,10,145,126,19,41,7,1,4,2,2,15,27,0.325,0.407,0.492,0.899,0.385,62,3,3,0,1,1,0
528,livelbe01,26,PHI,23.2,,5,115,101,18,34,7,1,4,2,1,10,22,0.337,0.409,0.545,0.953,0.395,55,2,3,0,1,1,0
529,livelbe01,26,KCR,6.2,,5,30,25,1,7,0,0,0,0,1,5,5,0.28,0.4,0.28,0.68,0.35,7,1,0,0,0,0,0
530,loaisjo01,23,NYY,24.2,,9,108,96,17,26,7,0,3,2,0,12,33,0.271,0.352,0.438,0.789,0.383,42,4,0,0,0,0,0
531,lockewa01,24,SDP,15,,4,76,66,16,22,5,1,4,1,0,10,12,0.333,0.421,0.621,1.042,0.36,41,0,0,0,0,1,0
532,loganbo02,33,MIL,10.2,,16,58,46,7,15,4,0,3,0,0,10,14,0.326,0.456,0.609,1.065,0.414,28,0,1,1,0,3,0
533,lopezjo02,25,TOT,53.2,,17,234,209,30,57,11,1,6,2,1,22,38,0.273,0.342,0.421,0.763,0.305,88,3,1,0,2,1,0
534,lopezjo02,25,MIL,19.2,,10,85,71,6,16,2,1,1,1,1,13,15,0.225,0.341,0.324,0.665,0.268,23,2,0,0,1,1,0
535,lopezjo02,25,KCR,34,,7,149,138,24,41,9,0,5,1,0,9,23,0.297,0.342,0.471,0.813,0.324,65,1,1,0,1,0,0
536,lopezpa01,22,MIA,58.2,,10,247,222,28,56,15,0,8,4,1,18,46,0.252,0.317,0.428,0.745,0.282,95,4,4,1,2,5,2
537,lopezre01,24,CHW,188.2,,32,799,705,88,165,34,4,25,14,4,75,151,0.234,0.313,0.4,0.713,0.26,282,11,10,0,9,1,6
538,lopezyo01,25,ARI,9,,10,35,33,3,7,1,1,2,1,0,1,11,0.212,0.235,0.485,0.72,0.25,16,0,0,1,0,0,1
539,lorenmi01,26,CIN,81,,45,344,302,32,78,12,2,6,6,3,34,54,0.258,0.336,0.371,0.707,0.294,112,8,3,2,3,2,3
540,loupaa01,30,TOT,39.2,,59,183,162,23,48,12,0,4,4,1,14,44,0.296,0.361,0.444,0.805,0.376,72,4,4,0,3,0,2
541,loupaa01,30,TOR,35.2,,50,166,147,21,44,12,0,4,3,1,13,42,0.299,0.361,0.463,0.824,0.385,68,3,3,0,3,0,2
542,loupaa01,30,PHI,4,,9,17,15,2,4,0,0,0,1,0,1,2,0.267,0.353,0.267,0.62,0.308,4,1,1,0,0,0,0
543,lucasjo02,27,OAK,14.1,,8,66,56,11,16,5,0,1,1,0,9,14,0.286,0.394,0.429,0.823,0.366,24,4,1,0,0,0,1
544,lucchjo01,25,SDP,130,,26,548,493,63,125,22,3,23,8,6,43,145,0.254,0.316,0.45,0.766,0.31,222,12,4,3,4,2,4
545,lugose01,28,NYM,101.1,,54,410,374,36,81,11,1,9,4,4,28,103,0.217,0.271,0.324,0.595,0.27,121,6,2,1,5,4,5
546,lylesjo01,27,TOT,87.2,,35,371,333,42,83,13,2,12,5,2,28,84,0.249,0.31,0.408,0.718,0.295,136,4,3,3,4,3,1
547,lylesjo01,27,SDP,71.1,,24,300,274,35,71,8,2,12,4,1,19,62,0.259,0.306,0.434,0.741,0.291,119,4,1,3,3,0,1
548,lylesjo01,27,MIL,16.1,,11,71,59,7,12,5,0,0,1,1,9,22,0.203,0.324,0.288,0.612,0.316,17,0,2,0,1,3,0
549,lynnla01,31,TOT,156.2,,31,700,616,87,163,32,3,14,7,7,76,161,0.265,0.35,0.394,0.744,0.336,243,13,6,0,2,3,10
550,lynnla01,31,MIN,102.1,,20,469,399,61,105,19,2,12,4,5,62,100,0.263,0.369,0.411,0.78,0.322,164,10,6,0,2,3,5
551,lynnla01,31,NYY,54.1,,11,231,217,26,58,13,1,2,3,2,14,61,0.267,0.312,0.364,0.676,0.364,79,3,0,0,0,0,5
552,lyonsty01,30,STL,16.2,,27,83,70,16,24,7,0,3,2,1,8,19,0.343,0.415,0.571,0.986,0.42,40,1,2,1,2,2,1
553,madsory01,37,TOT,52.2,,58,231,206,34,58,9,0,7,8,0,16,54,0.282,0.339,0.427,0.766,0.342,88,5,4,1,4,2,2
554,madsory01,37,WSN,44.1,,49,195,172,28,48,8,0,6,5,0,15,41,0.279,0.345,0.43,0.776,0.328,74,5,4,1,3,2,2
555,madsory01,37,LAD,8.1,,9,36,34,6,10,1,0,1,3,0,1,13,0.294,0.306,0.412,0.717,0.429,14,0,0,0,1,0,0
556,maedake01,30,LAD,125.1,,39,532,479,58,115,31,3,13,5,1,43,153,0.24,0.308,0.399,0.706,0.323,191,7,5,2,3,4,3
557,magilma01,28,MIN,56.2,,40,249,221,24,58,11,1,11,5,2,23,56,0.262,0.339,0.471,0.809,0.303,104,3,3,1,1,0,0
558,mahlety01,23,CIN,112,,23,507,442,68,125,20,2,22,2,1,53,110,0.283,0.361,0.486,0.848,0.329,215,15,3,5,3,7,7
559,makitka01,33,SDP,35,,27,149,133,23,32,6,0,7,1,0,12,37,0.241,0.313,0.444,0.757,0.281,59,1,2,2,0,2,1
560,manaese01,26,OAK,160.2,,27,654,608,67,141,24,3,21,5,4,32,108,0.232,0.278,0.385,0.663,0.249,234,11,8,4,2,1,9
561,mannbr01,34,TEX,8.1,,7,36,28,5,7,3,0,1,1,0,4,3,0.25,0.361,0.464,0.825,0.231,13,2,2,0,2,0,0
562,mapledi01,26,CHC,5.1,,9,29,22,7,7,1,1,2,0,0,5,9,0.318,0.483,0.727,1.21,0.455,16,1,2,0,0,0,0
563,marinjh01,29,BAL,8,,8,40,29,6,9,2,0,1,0,1,9,3,0.31,0.462,0.483,0.944,0.308,14,1,0,1,1,0,2
564,marquge01,23,COL,196,,33,817,742,90,179,30,7,24,10,1,57,230,0.241,0.3,0.398,0.698,0.314,295,15,8,2,6,5,8
565,marshev01,28,CLE,7,,10,37,32,6,12,1,0,0,0,0,4,9,0.375,0.459,0.406,0.866,0.522,13,1,1,0,0,0,0
566,martich02,32,TEX,41.2,,46,177,168,21,46,9,0,5,4,0,5,37,0.274,0.305,0.417,0.722,0.323,70,3,3,0,1,2,4
567,martica04,26,STL,118.2,,33,521,439,48,100,19,2,5,6,0,60,117,0.228,0.333,0.314,0.647,0.296,138,14,11,7,4,4,10
568,mathije01,35,ARI,1,,1,4,4,1,1,0,0,1,0,0,0,1,0.25,0.25,1,1.25,0,4,0,0,0,0,0,0
569,matonph01,25,SDP,47.1,,45,214,186,25,50,10,3,3,2,1,23,55,0.269,0.354,0.403,0.757,0.364,75,3,2,2,1,1,1
570,matzst01,27,NYM,154,,30,654,578,77,134,29,2,25,28,2,58,152,0.232,0.312,0.419,0.73,0.27,242,14,10,6,2,2,9
571,maurebr01,27,KCR,31.1,,37,160,130,29,42,7,3,7,2,3,25,31,0.323,0.428,0.585,1.012,0.368,76,1,1,1,3,2,2
572,maytr01,28,MIN,25.1,,24,103,95,9,21,3,0,4,3,1,5,36,0.221,0.267,0.379,0.646,0.309,36,1,1,2,0,0,1
573,mayermi01,26,STL,51.2,,50,226,204,28,59,19,0,7,1,2,15,49,0.289,0.336,0.485,0.822,0.344,99,3,1,3,3,1,3
574,mayzati01,26,TOR,35.2,,37,151,135,13,33,8,0,3,4,1,14,40,0.244,0.325,0.37,0.695,0.326,50,2,2,0,0,4,0
575,mazzoco01,28,CHC,8.2,,8,36,31,1,5,1,0,0,0,0,5,7,0.161,0.278,0.194,0.471,0.208,6,0,0,0,0,1,0
576,mcallza01,30,TOT,45,,44,199,184,33,57,13,2,8,6,0,10,39,0.31,0.347,0.533,0.88,0.355,98,3,1,2,1,1,2
577,mcallza01,30,CLE,41.2,,41,180,165,25,47,11,2,7,6,0,10,34,0.285,0.328,0.503,0.831,0.32,83,3,1,2,1,1,2
578,mcallza01,30,DET,3.1,,3,19,19,8,10,2,0,1,0,0,0,5,0.526,0.526,0.789,1.316,0.692,15,0,0,0,0,0,0
579,mccarbr01,34,ATL,78.2,,15,339,313,45,94,15,1,15,2,1,21,65,0.3,0.343,0.498,0.842,0.338,156,11,0,4,1,0,4
580,mccarke01,26,KCR,72,,65,293,270,28,70,10,2,7,1,4,20,46,0.259,0.314,0.389,0.703,0.289,105,10,2,0,1,2,1
581,mccread01,25,ATL,1,,1,7,7,2,4,0,0,0,0,0,0,2,0.571,0.571,0.571,1.143,0.8,4,0,0,0,0,0,0
582,mcculla02,24,HOU,128.1,,25,527,465,60,100,27,1,12,5,2,50,142,0.215,0.298,0.355,0.653,0.279,165,13,7,1,4,0,6
583,mcfartj01,29,ARI,72,,47,292,268,18,64,14,0,4,3,2,22,42,0.239,0.296,0.336,0.631,0.269,90,13,0,1,1,3,4
584,mcgeeja01,31,COL,51.1,,61,227,207,39,59,15,4,10,1,3,16,47,0.285,0.342,0.541,0.883,0.327,112,1,2,2,0,1,1
585,mcgowky01,26,WSN,7.2,,5,34,28,5,6,2,0,2,0,0,5,8,0.214,0.324,0.5,0.824,0.211,14,0,0,0,1,0,0
586,mcgraky01,25,SDP,4,,4,18,15,2,3,1,0,2,0,0,3,4,0.2,0.333,0.667,1,0.111,10,0,0,0,0,0,0
587,mcguide02,29,TOT,38,,21,177,143,28,38,6,1,9,1,1,26,33,0.266,0.39,0.51,0.9,0.279,73,7,5,0,3,0,3
588,mcguide02,29,TOR,8.1,,4,39,34,6,9,3,1,2,0,0,5,7,0.265,0.359,0.588,0.947,0.28,20,1,0,0,0,0,1
589,mcguide02,29,LAA,29.2,,17,138,109,22,29,3,0,7,1,1,21,26,0.266,0.399,0.486,0.885,0.278,53,6,5,0,3,0,2
590,mchugco01,31,HOU,72.1,,58,283,255,18,45,9,1,6,2,3,21,94,0.176,0.252,0.29,0.542,0.25,74,1,5,1,1,0,2
591,mcraeal01,25,PIT,6.1,,2,32,26,4,8,4,0,0,0,0,5,5,0.308,0.438,0.462,0.899,0.381,12,0,1,0,0,0,0
592,meansjo01,25,BAL,3.1,,1,16,16,5,6,3,0,1,0,0,0,4,0.375,0.375,0.75,1.125,0.455,12,0,0,0,0,0,0
593,medlekr01,32,ARI,4,,1,25,21,7,9,3,0,0,0,0,4,4,0.429,0.52,0.571,1.091,0.529,12,0,0,0,0,0,0
594,meisiry01,24,BAL,21,,18,87,75,15,18,4,1,6,3,0,10,21,0.24,0.326,0.56,0.886,0.245,42,5,0,1,1,0,0
595,mejiaad01,25,MIN,22.1,,5,92,79,5,17,0,0,1,0,0,9,13,0.215,0.308,0.253,0.561,0.242,20,1,2,1,1,0,0
596,melanma01,33,SFG,39,,41,174,159,18,48,9,1,2,1,3,14,31,0.302,0.362,0.409,0.771,0.365,65,6,1,0,0,2,3
597,mellake01,24,CIN,9.1,,4,48,37,9,13,4,0,4,1,0,8,8,0.351,0.478,0.784,1.262,0.36,29,2,1,2,0,0,0
598,mendeyo01,23,TEX,27.2,,8,121,106,18,28,6,0,4,1,0,15,18,0.264,0.355,0.434,0.789,0.286,46,4,0,0,0,0,1
599,mengdda01,25,OAK,115.2,,22,476,441,58,103,26,1,18,4,3,26,72,0.234,0.28,0.42,0.699,0.241,185,6,3,4,2,0,9
600,meyerbe02,25,MIA,19,,13,97,77,23,26,8,1,2,0,0,14,9,0.338,0.458,0.545,1.004,0.358,42,4,4,1,1,2,2
601,middlke01,24,LAA,17.2,,16,71,60,4,14,4,0,1,1,2,9,16,0.233,0.338,0.35,0.688,0.295,21,2,1,0,1,1,0
602,mikolmi01,29,STL,200.2,,32,808,760,70,186,24,4,16,2,1,29,146,0.245,0.278,0.35,0.628,0.282,266,18,7,8,4,4,10
603,mileywa01,31,MIL,80.2,,16,338,300,28,71,16,1,3,2,1,27,50,0.237,0.309,0.327,0.636,0.274,98,8,5,5,1,1,4
604,millean01,33,CLE,34,,37,154,133,16,31,10,1,3,1,0,16,45,0.233,0.338,0.391,0.729,0.329,52,2,5,0,0,1,1
605,milleju02,31,WSN,52.1,,51,215,193,22,42,7,1,10,6,2,17,60,0.218,0.285,0.42,0.705,0.256,81,2,2,1,2,1,1
606,millesh01,27,ARI,16,,5,79,70,21,24,2,2,5,1,0,8,19,0.343,0.405,0.643,1.048,0.404,45,2,0,0,1,0,1
607,millsal02,26,CHC,18,,7,71,64,8,11,5,0,1,0,0,7,23,0.172,0.254,0.297,0.55,0.25,19,1,0,0,0,0,1
608,milneho01,27,TOT,7.1,,14,38,32,8,9,1,0,3,0,0,5,8,0.281,0.395,0.594,0.988,0.286,19,0,1,0,0,1,1
609,milneho01,27,PHI,4.2,,10,25,21,4,6,0,0,1,0,0,3,4,0.286,0.4,0.429,0.829,0.313,9,0,1,0,0,1,1
610,milneho01,27,TBR,2.2,,4,13,11,4,3,1,0,2,0,0,2,4,0.273,0.385,0.909,1.294,0.2,10,0,0,0,0,0,0
611,milonto01,31,WSN,26.1,,5,118,112,17,37,7,0,7,1,1,1,23,0.33,0.336,0.58,0.917,0.357,65,1,1,2,2,0,2
612,minayju01,27,CHW,46.2,,52,209,177,19,39,11,0,3,14,2,29,58,0.22,0.34,0.333,0.673,0.31,59,2,3,0,0,3,1
613,minormi01,30,TEX,157,,28,640,587,76,138,38,5,25,9,2,38,132,0.235,0.288,0.445,0.733,0.259,261,12,8,1,6,1,6
614,minteaj01,24,ATL,61.1,,65,260,234,23,57,9,1,3,4,1,22,69,0.244,0.313,0.329,0.642,0.331,77,3,2,1,1,1,3
615,miranar01,29,SEA,5,,1,24,20,1,6,1,0,0,0,0,4,5,0.3,0.417,0.35,0.767,0.4,7,0,0,0,0,0,0
616,mitchbr01,27,SDP,73,,16,337,289,45,85,14,2,12,11,1,43,38,0.294,0.387,0.481,0.868,0.303,139,10,2,1,2,1,1
617,montafr02,25,OAK,65,,13,283,255,34,74,20,3,5,0,1,21,43,0.29,0.345,0.451,0.796,0.329,115,9,2,2,3,0,3
618,montgjo01,25,NYY,27.1,,6,116,104,11,25,3,0,3,0,0,12,23,0.24,0.319,0.356,0.675,0.282,37,3,0,0,0,0,1
619,montgmi01,28,CHC,124,,38,534,481,58,131,23,2,10,8,7,39,86,0.272,0.333,0.391,0.724,0.311,188,13,7,3,4,4,8
620,moorema02,29,TEX,102,,39,471,420,82,128,38,2,19,2,0,41,86,0.305,0.37,0.54,0.911,0.342,227,8,5,1,4,1,2
621,moralke01,35,TOR,1,,1,4,3,0,0,0,0,0,0,0,1,0,0,0.25,0,0.25,0,0,0,0,0,0,0,0
622,moralos01,25,LAA,0.1,,1,2,2,0,1,0,0,0,0,0,0,0,0.5,0.5,0.5,1,0.5,1,0,0,0,0,0,0
623,morgaad01,28,PHI,49.1,,67,214,189,25,49,5,0,5,8,2,22,50,0.259,0.333,0.365,0.698,0.324,69,3,0,0,2,3,3
624,morinmi01,27,SEA,4,,3,18,16,3,6,2,1,0,0,1,1,6,0.375,0.389,0.625,1.014,0.545,10,0,0,0,1,1,0
625,moronre01,25,SFG,65,,69,262,221,20,34,6,0,4,8,0,37,79,0.154,0.272,0.235,0.507,0.213,52,5,0,1,3,4,3
626,morriak01,25,LAA,14,,9,65,57,9,18,4,1,3,0,0,8,7,0.316,0.4,0.579,0.979,0.319,33,2,0,0,0,0,1
627,morrobr01,33,CHC,30.2,,35,122,112,5,24,1,0,2,1,0,9,31,0.214,0.279,0.277,0.555,0.278,31,2,1,0,0,0,0
628,mortoch02,34,HOU,167,,30,695,609,63,130,27,3,18,4,3,64,201,0.213,0.303,0.356,0.659,0.284,217,12,16,1,4,0,4
629,motteta01,28,SEA,1,,1,6,4,1,1,0,0,1,0,0,1,1,0.25,0.5,1,1.5,0,4,0,1,0,0,0,0
630,moyaga01,23,MIN,36.1,,35,159,143,19,35,7,0,6,2,0,13,31,0.245,0.308,0.42,0.728,0.269,60,2,1,0,2,0,3
631,moylape01,39,ATL,28.1,,39,129,107,14,32,4,0,4,3,0,18,23,0.299,0.409,0.449,0.858,0.35,48,6,2,2,0,3,0
632,musgrha01,26,COL,44.2,,35,185,161,23,36,7,6,7,0,0,22,32,0.224,0.319,0.472,0.791,0.236,76,5,1,0,1,2,0
633,musgrjo01,25,PIT,115.1,,19,486,447,56,113,19,3,12,2,1,23,100,0.253,0.298,0.389,0.687,0.297,174,5,8,3,5,3,5
634,nealza01,29,LAD,1,,1,5,5,1,2,0,0,1,0,0,0,0,0.4,0.4,1,1.4,0.25,5,0,0,0,0,0,0
635,nerishe01,29,PHI,47.2,,53,203,184,27,46,9,1,11,2,0,16,76,0.25,0.313,0.489,0.803,0.361,90,1,1,2,0,1,0
636,neshepa01,37,PHI,24.1,,30,101,94,9,23,5,1,2,0,0,5,15,0.245,0.28,0.383,0.663,0.269,36,2,0,1,1,1,2
637,neverdo01,25,PIT,27,,25,119,107,25,30,5,1,9,1,0,10,27,0.28,0.345,0.598,0.943,0.292,64,2,1,0,1,0,0
638,newbeja01,23,KCR,13.1,,14,60,51,8,13,3,0,3,0,0,9,11,0.255,0.367,0.49,0.857,0.27,25,0,0,0,0,0,1
639,newcose01,25,ATL,164,,31,696,607,74,137,21,4,18,12,2,81,160,0.226,0.316,0.362,0.679,0.275,220,13,1,4,3,1,3
640,nicasju01,31,SEA,42,,46,183,172,30,53,13,1,6,1,2,5,53,0.308,0.328,0.5,0.828,0.402,86,1,2,0,4,0,1
641,nixja02,22,SDP,42.1,,9,190,171,33,52,13,2,8,2,0,13,21,0.304,0.363,0.544,0.907,0.306,93,4,4,0,2,0,0
642,nolaaa01,25,PHI,212.1,,33,831,756,57,149,31,2,17,17,5,58,224,0.197,0.259,0.311,0.57,0.254,235,16,7,6,4,3,7
643,norribu01,33,STL,57.2,,64,245,215,27,51,4,1,8,1,0,21,67,0.237,0.317,0.377,0.694,0.303,81,5,5,2,2,3,3
644,norrida01,25,DET,44.1,,11,200,176,28,46,10,0,8,3,0,19,51,0.261,0.337,0.455,0.791,0.319,80,1,2,1,2,0,1
645,norwoja01,24,CHC,11,,11,54,47,7,14,3,0,0,0,0,5,10,0.298,0.352,0.362,0.714,0.359,17,0,0,0,2,0,1
646,novaiv01,31,PIT,161,,29,683,638,82,171,34,5,26,5,2,35,114,0.268,0.309,0.459,0.769,0.29,293,13,4,4,2,4,10
647,nunovi01,30,TBR,33,,17,134,121,7,24,4,0,5,1,1,10,29,0.198,0.269,0.355,0.624,0.216,43,1,2,0,1,3,1
648,odayda01,35,BAL,20,,20,83,76,9,18,5,0,3,1,2,4,27,0.237,0.301,0.421,0.722,0.326,32,0,3,0,0,1,0
649,ogradch01,28,MIA,7,,8,32,28,5,7,2,0,2,0,0,4,8,0.25,0.344,0.536,0.879,0.278,15,0,0,0,0,0,0
650,oakstr01,25,KCR,13.2,,4,65,56,11,21,6,0,1,1,0,6,10,0.375,0.422,0.536,0.958,0.426,30,2,0,1,2,0,0
651,obergsc01,28,COL,58.2,,56,228,211,17,45,8,0,4,7,2,12,57,0.213,0.263,0.308,0.571,0.27,65,9,3,0,2,0,3
652,odorija01,28,MIN,164.1,,32,711,625,89,151,41,5,20,11,2,70,162,0.242,0.324,0.419,0.743,0.293,262,9,8,4,4,3,4
653,ogandal01,34,CLE,1,,1,8,5,2,2,1,0,0,0,0,3,1,0.4,0.625,0.6,1.225,0.5,3,0,0,0,0,0,0
654,ohse01,35,TOT,68.1,,73,274,249,21,52,10,1,8,0,1,17,79,0.209,0.266,0.353,0.62,0.265,88,2,4,0,4,1,2
655,ohse01,35,TOR,47,,48,189,173,14,37,7,1,5,0,0,10,55,0.214,0.265,0.353,0.617,0.276,61,1,3,0,3,1,1
656,ohse01,35,COL,21.1,,25,85,76,7,15,3,0,3,0,1,7,24,0.197,0.271,0.355,0.626,0.24,27,1,1,0,1,0,1
657,ohtansh01,23,LAA,51.2,,10,211,187,19,38,6,0,6,1,1,22,63,0.203,0.289,0.332,0.621,0.269,62,2,1,0,1,0,0
658,okertst01,26,SFG,7.1,,10,27,27,1,4,1,0,1,0,0,0,8,0.148,0.148,0.296,0.444,0.167,8,0,0,0,0,0,1
659,olsonty01,28,CLE,27.1,,43,118,106,16,26,8,0,4,1,0,12,40,0.245,0.322,0.434,0.756,0.355,46,2,0,0,0,2,0
660,ortizlu02,22,BAL,2.1,,2,18,14,6,7,2,1,0,0,0,3,0,0.5,0.556,0.786,1.341,0.467,11,0,0,0,1,0,1
661,osichjo01,29,SFG,12,,12,61,52,11,20,4,0,2,1,1,7,10,0.385,0.475,0.577,1.052,0.45,30,3,2,0,0,0,0
662,osunaro01,23,TOT,38,,38,150,141,10,33,7,0,1,1,0,4,32,0.234,0.273,0.305,0.578,0.294,43,3,4,0,1,0,0
663,osunaro01,23,TOR,15.1,,15,63,60,5,16,3,0,0,1,0,1,13,0.267,0.302,0.317,0.618,0.34,19,1,2,0,0,0,0
664,osunaro01,23,HOU,22.2,,23,87,81,5,17,4,0,1,0,0,3,19,0.21,0.253,0.296,0.549,0.258,24,2,2,0,1,0,0
665,oswalco01,24,NYM,64.2,,17,282,257,43,69,11,0,14,4,3,20,45,0.268,0.331,0.475,0.806,0.278,122,4,4,1,0,1,3
666,oteroda01,33,CLE,58.2,,61,247,239,36,69,18,0,12,0,0,5,43,0.289,0.312,0.515,0.826,0.31,123,9,3,0,0,3,4
667,ottavad01,32,COL,77.2,,75,309,260,25,41,6,0,5,24,3,36,112,0.158,0.27,0.238,0.509,0.243,62,6,6,1,5,5,2
668,paganem01,27,OAK,62,,55,262,239,30,55,13,3,13,7,1,19,63,0.23,0.294,0.473,0.767,0.256,113,1,3,0,1,1,1
669,pannoth01,24,TOR,43,,12,181,160,20,37,5,2,7,3,0,15,29,0.231,0.3,0.419,0.719,0.236,67,1,2,1,3,0,1
670,pareded01,23,LAA,18.1,,14,86,77,14,25,3,2,5,1,0,7,15,0.325,0.384,0.61,0.994,0.345,47,2,1,0,1,0,0
671,pareded02,31,LAD,7.2,,15,33,30,5,7,0,1,2,2,0,2,8,0.233,0.303,0.5,0.803,0.25,15,0,1,0,0,0,0
672,parkebl01,33,LAA,66.1,,67,276,253,24,63,11,1,12,4,1,19,70,0.249,0.308,0.443,0.751,0.297,112,4,3,0,1,1,0
673,parsowe01,25,ATL,5,,1,23,19,4,6,1,0,1,0,1,3,3,0.316,0.391,0.526,0.918,0.313,10,0,0,0,1,1,0
674,paulida01,24,TOR,6.2,,7,28,25,2,6,1,0,1,0,0,2,6,0.24,0.286,0.4,0.686,0.263,10,0,0,0,1,0,1
675,paxtoja01,29,SEA,160.1,,28,645,598,67,134,24,2,23,5,3,42,208,0.224,0.275,0.386,0.662,0.301,231,11,1,2,2,0,2
676,pazosja01,27,SEA,50,,60,211,189,19,47,10,0,4,2,0,15,45,0.249,0.318,0.365,0.683,0.303,69,7,5,0,2,1,2
677,peacobr01,30,HOU,65,,61,272,248,26,56,14,2,11,3,0,20,96,0.226,0.29,0.431,0.722,0.317,107,3,3,0,1,0,1
678,pelhacd01,23,TEX,7.2,,10,38,34,6,12,4,1,0,3,0,4,7,0.353,0.421,0.529,0.95,0.444,18,1,0,0,0,1,0
679,penafe01,28,LAA,92.2,,19,389,352,45,87,15,0,12,4,1,28,85,0.247,0.307,0.392,0.699,0.29,138,7,4,1,4,0,3
680,pennicl01,34,CIN,1,,1,6,4,1,1,1,0,0,0,0,2,1,0.25,0.5,0.5,1,0.333,2,0,0,0,0,0,0
681,peralfr01,22,MIL,78.1,,16,321,275,37,49,14,2,8,3,1,40,96,0.178,0.291,0.331,0.622,0.238,91,7,4,1,1,1,2
682,peralwa01,26,CIN,45.1,,59,227,192,32,58,9,0,2,5,2,31,31,0.302,0.403,0.38,0.783,0.35,73,4,2,1,1,2,6
683,peralwi01,29,KCR,34.1,,37,149,122,14,28,3,2,4,0,0,23,35,0.23,0.351,0.385,0.737,0.282,47,5,1,1,2,1,0
684,perdolu02,25,SDP,44.2,,12,217,189,37,62,19,0,4,3,0,22,39,0.328,0.403,0.492,0.895,0.392,93,5,3,1,2,2,1
685,perezci01,22,HOU,11.1,,8,45,38,5,6,0,0,3,0,1,7,12,0.158,0.289,0.395,0.684,0.13,15,2,0,0,0,0,0
686,perezhe01,27,MIL,3.1,,3,19,17,5,7,5,0,1,0,0,1,2,0.412,0.474,0.882,1.356,0.429,15,0,1,0,0,0,0
687,perezma02,27,TEX,85.1,,22,397,353,68,116,16,3,16,2,2,36,52,0.329,0.389,0.527,0.916,0.345,186,13,2,1,5,1,5
688,perezol01,36,CLE,32.1,,51,120,110,6,17,2,0,1,3,2,7,43,0.155,0.217,0.2,0.417,0.239,22,1,2,0,1,3,0
689,peterdi01,25,MIA,27.2,,7,129,111,22,34,7,0,4,1,2,15,17,0.306,0.391,0.477,0.868,0.33,53,3,1,1,1,0,1
690,peterja01,28,BAL,1,,1,8,8,4,6,2,0,1,0,0,0,1,0.75,0.75,1.375,2.125,0.833,11,1,0,0,0,0,0
691,peterti01,27,NYM,27.2,,22,118,111,19,29,2,0,8,3,0,5,25,0.261,0.299,0.495,0.795,0.269,55,1,1,1,0,2,1
692,petityu01,33,OAK,93,,74,368,344,32,76,16,2,13,7,3,18,76,0.221,0.256,0.392,0.649,0.242,135,6,0,1,5,4,4
693,petrija01,30,TOR,45.2,,41,208,186,28,59,14,2,6,3,0,16,41,0.317,0.386,0.511,0.897,0.381,95,10,5,1,0,0,1
694,phillev01,23,TOT,11.2,,9,59,48,19,13,4,0,5,0,0,10,8,0.271,0.407,0.667,1.073,0.229,32,1,1,0,0,0,1
695,phillev01,23,ATL,6.1,,4,29,25,6,6,1,0,3,0,0,4,3,0.24,0.345,0.64,0.985,0.158,16,0,0,0,0,0,0
696,phillev01,23,BAL,5.1,,5,30,23,13,7,3,0,2,0,0,6,5,0.304,0.467,0.696,1.162,0.313,16,1,1,0,0,0,1
697,pivetni01,25,PHI,164,,33,694,624,91,163,25,2,24,6,7,51,188,0.261,0.32,0.423,0.743,0.333,264,16,5,8,5,0,8
698,plutkad01,26,CLE,76.2,,17,326,299,45,78,23,1,21,1,3,23,60,0.261,0.314,0.555,0.869,0.259,166,2,1,1,2,1,0
699,pomerdr01,29,BOS,74,,26,344,293,53,87,22,1,12,2,3,44,66,0.297,0.392,0.502,0.894,0.344,147,9,4,0,3,1,2
700,ponceda01,26,STL,33,,11,132,117,10,24,6,0,2,0,0,13,31,0.205,0.288,0.308,0.596,0.259,36,4,1,0,1,0,0
701,porceri01,29,BOS,191.1,,33,808,735,97,177,29,3,27,6,1,48,190,0.241,0.299,0.399,0.698,0.286,293,8,16,3,6,0,8
702,poundbr01,27,COL,15.1,,14,72,68,13,25,9,1,3,0,0,2,17,0.368,0.403,0.662,1.065,0.458,45,3,2,0,0,0,0
703,poynebo01,25,BOS,22.1,,20,93,86,8,22,5,1,4,2,0,3,24,0.256,0.293,0.477,0.77,0.305,41,0,2,1,1,0,0
704,pressry01,29,TOT,71,,77,292,264,21,57,8,1,6,6,2,22,101,0.216,0.282,0.322,0.604,0.321,85,2,3,1,2,1,3
705,pressry01,29,MIN,47.2,,51,208,184,19,46,6,1,5,5,2,19,69,0.25,0.324,0.375,0.699,0.366,69,2,2,1,2,1,3
706,pressry01,29,HOU,23.1,,26,84,80,2,11,2,0,1,1,0,3,32,0.138,0.179,0.2,0.379,0.213,16,0,1,0,0,0,0
707,priceda01,32,BOS,176,,30,722,657,75,151,28,4,25,5,3,50,177,0.23,0.293,0.399,0.691,0.275,262,10,10,1,4,0,4
708,pruitau01,28,TBR,69.2,,23,291,269,40,72,10,3,7,2,1,16,42,0.268,0.307,0.405,0.712,0.29,109,3,1,1,4,0,2
709,quackke01,29,CIN,9,,10,45,39,11,13,3,0,3,0,0,6,7,0.333,0.422,0.641,1.063,0.345,25,0,0,0,0,1,0
710,quinnro01,25,PHI,1.2,,1,14,11,7,6,2,0,1,0,0,2,0,0.545,0.643,1,1.643,0.5,11,0,1,0,0,0,0
711,quintjo01,29,CHC,174.1,,32,739,658,81,162,32,3,25,6,6,68,158,0.246,0.319,0.418,0.737,0.287,275,13,3,8,2,3,6
712,raineta01,25,CIN,7,,8,45,32,19,13,4,0,4,0,0,12,7,0.406,0.556,0.906,1.462,0.409,29,1,0,0,1,1,0
713,ramirca01,27,TOT,8.1,,5,37,26,3,3,0,0,0,1,0,9,5,0.115,0.351,0.115,0.467,0.136,3,2,1,0,1,0,1
714,ramirca01,27,TOR,2.1,,2,13,8,1,1,0,0,0,0,0,5,3,0.125,0.462,0.125,0.587,0.2,1,0,0,0,0,0,0
715,ramirca01,27,OAK,6,,3,24,18,2,2,0,0,0,1,0,4,2,0.111,0.292,0.111,0.403,0.118,2,2,1,0,1,0,1
716,ramirer02,28,SEA,45.2,,10,202,183,35,52,11,1,14,0,0,12,33,0.284,0.332,0.585,0.916,0.271,107,5,3,0,4,0,3
717,ramirjc01,29,LAA,6.2,,2,33,26,8,7,1,0,3,2,0,7,4,0.269,0.424,0.654,1.078,0.211,17,1,0,0,0,0,0
718,ramirjo02,28,ATL,6.1,,7,38,28,12,9,4,0,0,3,0,8,7,0.321,0.5,0.464,0.964,0.429,13,0,2,0,0,2,0
719,ramirne01,29,CLE,41.2,,47,180,158,21,36,9,0,9,12,1,18,51,0.228,0.318,0.456,0.774,0.276,72,2,3,1,0,1,1
720,ramirno01,28,LAA,83.1,,69,353,317,43,75,16,1,15,1,0,30,95,0.237,0.314,0.435,0.75,0.29,138,6,6,0,0,3,2
721,ramirye01,24,BAL,65.1,,17,294,249,44,64,10,2,11,6,5,36,62,0.257,0.356,0.446,0.802,0.296,111,4,4,2,3,1,4
722,ramosaj01,31,NYM,19.2,,28,88,72,14,17,3,0,3,1,0,15,22,0.236,0.364,0.403,0.766,0.292,29,2,0,0,1,0,0
723,ramosed02,25,PHI,42.2,,52,174,156,14,34,1,1,4,3,2,15,42,0.218,0.289,0.314,0.603,0.27,49,5,1,1,1,2,2
724,ravinjo01,30,ATL,3,,2,14,10,2,2,1,0,0,0,0,2,1,0.2,0.385,0.3,0.685,0.222,3,0,1,1,0,0,1
725,rayro02,26,ARI,123.2,,24,526,449,55,97,16,0,19,7,5,70,165,0.216,0.328,0.379,0.706,0.293,170,10,5,1,1,3,3
726,reedad01,29,MIN,56,,55,242,218,30,65,9,2,11,3,1,15,44,0.298,0.346,0.509,0.855,0.323,111,5,3,2,4,3,0
727,reedco01,25,CIN,43,,17,188,167,21,45,6,0,5,7,0,15,42,0.269,0.333,0.395,0.729,0.328,66,5,2,2,2,0,3
728,reidfse01,22,TOR,33.1,,7,150,127,23,31,5,1,6,2,0,21,42,0.244,0.353,0.441,0.794,0.313,56,3,1,0,1,0,2
729,reiniza01,25,DET,21.1,,18,100,90,18,28,6,2,5,0,0,9,18,0.311,0.37,0.589,0.959,0.338,53,1,0,0,1,2,0
730,reyesal02,23,STL,4,,1,15,12,0,3,0,0,0,1,0,2,2,0.25,0.4,0.25,0.65,0.3,3,1,1,0,0,0,0
731,reyesje01,25,CIN,5.2,,5,24,21,4,4,0,1,1,0,0,2,2,0.19,0.292,0.429,0.72,0.167,9,1,1,0,0,0,1
732,reyesjo01,35,NYM,1,,1,11,8,6,5,1,1,2,0,0,2,0,0.625,0.727,1.75,2.477,0.5,14,0,1,0,0,0,0
733,reynoma01,34,WSN,0.1,,1,1,1,0,0,0,0,0,0,0,0,0,0,0,0,0,0,0,0,0,0,0,0,0
734,rhameja01,25,NYM,32.1,,30,140,129,21,38,4,3,8,2,2,8,28,0.295,0.341,0.558,0.899,0.323,72,2,1,2,0,2,0
735,richacl01,34,SDP,158.2,,27,682,604,98,159,35,5,19,5,2,60,108,0.263,0.338,0.432,0.77,0.292,261,22,10,5,3,1,4
736,richaga01,30,LAA,76.1,,16,324,288,43,64,9,2,11,1,2,34,87,0.222,0.307,0.382,0.688,0.279,110,9,1,1,0,0,6
737,richatr01,25,MIA,126.1,,25,547,479,65,121,26,5,15,5,4,54,130,0.253,0.332,0.422,0.754,0.314,202,8,5,5,4,5,2
738,riosya01,25,PHI,36,,36,165,147,28,43,7,2,6,6,0,15,36,0.293,0.364,0.49,0.853,0.349,72,4,2,0,1,2,2
739,rizzoan01,28,CHC,0.1,,1,1,1,0,0,0,0,0,0,0,0,0,0,0,0,0,0,0,0,0,0,0,0,0
740,roarkta01,31,WSN,180.1,,31,760,690,90,181,32,3,24,6,7,50,146,0.262,0.319,0.422,0.741,0.298,291,18,10,4,6,3,6
741,roberda10,24,TBR,1,,1,3,3,0,0,0,0,0,0,0,0,0,0,0,0,0,0,0,0,0,0,0,0,0
742,roberda08,33,NYY,69.2,,69,283,252,30,46,14,2,7,2,1,26,91,0.183,0.258,0.337,0.595,0.252,85,2,0,4,1,1,3
743,robleha01,27,TOT,56,,53,242,210,26,53,10,1,9,3,0,25,59,0.252,0.333,0.438,0.771,0.303,92,6,2,2,3,1,1
744,robleha01,27,NYM,19.2,,16,88,75,11,21,4,0,7,0,0,10,23,0.28,0.368,0.613,0.981,0.304,46,2,1,1,1,1,0
745,robleha01,27,LAA,36.1,,37,154,135,15,32,6,1,2,3,0,15,36,0.237,0.314,0.341,0.654,0.303,46,4,1,1,2,0,1
746,rodnefe01,41,TOT,64.1,,68,285,248,27,62,7,0,7,14,2,32,70,0.25,0.34,0.363,0.703,0.318,90,4,3,0,2,1,2
747,rodnefe01,41,MIN,43.2,,46,192,169,18,42,2,0,5,11,1,19,50,0.249,0.328,0.349,0.677,0.319,59,3,2,0,2,1,2
748,rodnefe01,41,OAK,20.2,,22,93,79,9,20,5,0,2,3,1,13,20,0.253,0.366,0.392,0.758,0.316,31,1,1,0,0,0,0
749,rodonca01,25,CHW,120.2,,20,511,441,61,97,20,2,15,16,4,55,90,0.22,0.322,0.376,0.698,0.243,166,12,12,0,2,1,6
750,rodride01,26,SFG,118.1,,21,487,439,43,98,30,5,9,3,0,36,89,0.223,0.291,0.376,0.667,0.259,165,11,7,2,3,2,5
751,rodried05,25,BOS,129.2,,27,553,501,56,119,16,3,16,1,2,45,146,0.238,0.304,0.377,0.681,0.301,189,5,4,0,3,1,4
752,rodrije01,24,WSN,52,,14,233,189,35,43,11,1,8,4,2,37,39,0.228,0.361,0.423,0.784,0.245,80,1,3,3,1,5,0
753,rodriri04,25,TEX,6.2,,4,31,30,3,11,3,0,0,0,0,1,3,0.367,0.387,0.467,0.854,0.407,14,1,0,0,0,1,1
754,rodriri05,28,PIT,69.1,,63,279,253,19,55,7,1,5,1,0,19,88,0.217,0.284,0.312,0.596,0.311,79,6,5,1,1,3,2
755,roech01,31,TBR,50.1,,61,203,178,21,35,7,0,6,9,2,16,53,0.197,0.292,0.337,0.629,0.244,60,8,8,1,0,1,2
756,rogerjo01,23,BAL,11.2,,3,56,50,11,17,1,2,2,2,0,5,6,0.34,0.393,0.56,0.953,0.349,28,0,0,0,1,0,0
757,rogerta01,27,MIN,68.1,,72,260,238,20,49,10,1,3,2,2,16,75,0.206,0.259,0.294,0.553,0.282,70,6,2,1,3,3,1
758,romansa01,24,CIN,145.2,,39,644,580,92,155,31,4,23,9,0,53,105,0.267,0.331,0.453,0.784,0.289,263,8,4,3,4,6,6
759,romeren01,27,TOT,10,,8,61,52,17,23,6,0,4,2,0,6,10,0.442,0.492,0.788,1.28,0.475,41,1,1,0,2,3,2
760,romeren01,27,TOT,6,,4,37,31,8,12,4,0,1,1,0,4,7,0.387,0.459,0.613,1.072,0.458,19,0,1,0,1,2,2
761,romeren01,27,WSN,2,,2,13,11,3,5,1,0,1,1,0,1,2,0.455,0.538,0.818,1.357,0.5,9,0,1,0,0,0,0
762,romeren01,27,PIT,4,,2,24,20,5,7,3,0,0,0,0,3,5,0.35,0.417,0.5,0.917,0.438,10,0,0,0,1,2,2
763,romeren01,27,KCR,4,,4,24,21,9,11,2,0,3,1,0,2,3,0.524,0.542,1.048,1.589,0.5,22,1,0,0,1,1,0
764,romerfe01,23,MIN,55.2,,11,247,215,31,60,12,0,6,4,2,19,45,0.279,0.351,0.419,0.77,0.321,90,4,7,2,4,1,1
765,rominan01,32,SEA,3,,3,17,14,5,5,1,0,1,0,0,2,0,0.357,0.471,0.643,1.113,0.308,9,0,1,0,0,0,0
766,romose01,35,TBR,67.1,,73,284,257,31,65,7,0,11,6,0,20,75,0.253,0.31,0.409,0.718,0.312,105,6,2,2,2,0,2
767,rondobr01,27,CHW,29.2,,35,154,124,30,37,11,1,1,6,0,27,40,0.298,0.422,0.427,0.849,0.424,53,2,1,0,2,2,2
768,rondohe01,30,HOU,59,,63,250,230,22,58,14,2,4,7,0,20,67,0.252,0.312,0.383,0.695,0.34,88,5,0,0,0,2,0
769,rosarra01,24,CHC,46.2,,44,200,178,22,47,5,0,5,1,2,22,30,0.264,0.345,0.376,0.721,0.294,67,7,0,0,0,2,1
770,rossjo01,25,WSN,16,,3,68,62,10,17,7,0,3,0,1,4,7,0.274,0.338,0.532,0.87,0.269,33,1,2,0,0,0,1
771,rossty01,31,TOT,149.2,,31,634,556,73,132,28,4,17,6,5,62,122,0.237,0.319,0.394,0.712,0.272,219,11,7,3,6,4,5
772,rossty01,31,SDP,123.1,,22,530,466,64,112,23,3,16,6,3,52,107,0.24,0.323,0.406,0.729,0.277,189,7,7,1,4,3,2
773,rossty01,31,STL,26.1,,9,104,90,9,20,5,1,1,0,2,10,15,0.222,0.294,0.333,0.627,0.25,30,4,0,2,2,1,3
774,rosscza01,30,LAD,11.1,,17,47,43,6,9,1,0,3,0,0,4,20,0.209,0.277,0.442,0.718,0.3,19,0,0,0,0,0,0
775,rowlech01,27,TOR,0.2,,2,6,5,4,2,0,0,1,0,0,1,0,0.4,0.5,1,1.5,0.25,5,0,0,0,0,1,1
776,ruary01,28,TEX,1,,1,3,3,0,0,0,0,0,0,0,0,1,0,0,0,0,0,0,0,0,0,0,0,0
777,rucindr01,29,MIA,35.1,,32,154,134,21,34,8,0,2,4,0,13,27,0.254,0.333,0.358,0.692,0.299,48,2,4,1,2,4,1
778,ruizjo01,23,CHW,4.1,,6,21,18,2,5,0,0,1,0,0,3,6,0.278,0.381,0.444,0.825,0.364,8,0,0,0,0,0,0
779,rumbeni01,26,SEA,17.2,,13,77,69,12,19,3,0,6,4,0,6,16,0.275,0.338,0.58,0.917,0.271,40,1,1,0,1,1,0
780,rusinch01,31,COL,54.2,,49,241,209,42,56,6,4,7,1,0,26,47,0.268,0.35,0.435,0.785,0.31,91,6,2,1,3,1,1
781,ryuhy01,31,LAD,82.1,,15,324,307,23,68,12,2,9,0,0,15,89,0.221,0.26,0.362,0.622,0.282,111,8,1,1,0,1,3
782,rzepcma01,32,TOT,10.1,,23,57,47,11,16,5,0,2,3,0,10,11,0.34,0.456,0.574,1.031,0.412,27,3,0,0,0,2,3
783,rzepcma01,32,SEA,7.2,,18,47,38,11,13,4,0,2,2,0,9,10,0.342,0.468,0.605,1.073,0.423,23,1,0,0,0,2,2
784,rzepcma01,32,CLE,2.2,,5,10,9,0,3,1,0,0,1,0,1,1,0.333,0.4,0.444,0.844,0.375,4,2,0,0,0,0,1
785,sabatc.01,37,NYY,153,,29,665,600,72,150,29,1,19,11,4,51,140,0.25,0.319,0.397,0.715,0.295,238,9,11,0,3,0,10
786,sadleca02,27,PIT,4.1,,2,25,22,7,9,5,0,0,0,0,3,3,0.409,0.48,0.636,1.116,0.474,14,2,0,0,0,0,1
787,sadzeco01,26,TEX,9.1,,13,45,33,2,6,1,0,0,2,0,11,7,0.182,0.4,0.212,0.612,0.231,7,2,1,0,0,1,1
788,salasfe01,33,ARI,40,,41,170,151,20,40,6,0,5,4,0,13,30,0.265,0.323,0.404,0.727,0.297,61,5,1,2,2,4,1
789,salech01,29,BOS,158,,27,617,565,39,102,22,3,11,6,3,34,237,0.181,0.243,0.288,0.532,0.283,163,4,14,0,4,0,4
790,samarje01,33,SFG,44.2,,10,207,174,32,47,7,1,6,9,3,26,30,0.27,0.364,0.425,0.789,0.289,74,1,2,1,4,1,2
791,sampsad01,26,TEX,23,,5,96,89,13,24,2,1,6,0,2,4,15,0.27,0.313,0.517,0.829,0.261,46,3,2,0,1,0,3
792,sanchaa01,25,TOR,105,,20,474,405,62,106,20,3,11,10,4,58,86,0.262,0.361,0.407,0.768,0.304,165,11,7,0,4,2,4
793,sanchan01,34,ATL,136.2,,25,553,497,48,106,21,2,15,16,4,42,135,0.213,0.278,0.354,0.633,0.26,176,7,4,7,3,0,3
794,sandopa01,31,SFG,1,,1,3,3,0,0,0,0,0,0,0,0,0,0,0,0,0,0,0,0,0,0,0,0,0
795,santade01,22,LAD,3.2,,1,19,16,5,6,1,1,0,0,0,1,4,0.375,0.444,0.563,1.007,0.5,9,0,1,1,0,0,0
796,santaed01,26,PIT,66.1,,69,271,254,25,61,14,0,7,2,1,12,54,0.24,0.281,0.378,0.659,0.278,96,5,3,1,1,2,6
797,santaer01,35,MIN,24.2,,5,114,100,22,31,7,1,9,1,0,9,16,0.31,0.368,0.67,1.038,0.282,67,1,2,0,3,0,0
798,santihe01,30,CHW,102,25,49,485,413,54,101,24,1,16,7,3,60,103,0.245,0.345,0.424,0.769,0.286,175,9,5,1,3,3,6
799,santolu01,27,TOR,20,,15,91,78,16,26,8,1,4,0,4,10,24,0.333,0.407,0.615,1.022,0.423,48,1,1,0,2,1,0
800,saupowa01,28,DET,34.1,,31,158,140,17,41,8,1,6,0,0,13,16,0.293,0.359,0.493,0.852,0.294,69,2,2,2,1,1,2
801,scahiro01,31,CHW,5,,6,25,20,4,5,2,0,0,1,0,3,3,0.25,0.4,0.35,0.75,0.294,7,1,2,0,0,0,0
802,scherma01,33,WSN,220.2,,33,866,797,66,150,36,5,23,8,2,51,300,0.188,0.247,0.332,0.58,0.267,265,10,12,4,2,4,4
803,schulja02,27,TBR,30.1,,22,125,103,19,18,5,0,6,0,2,17,35,0.175,0.304,0.398,0.702,0.188,41,2,3,0,2,0,0
804,scottro02,28,BOS,6.2,,9,40,30,6,10,3,0,2,0,0,5,8,0.333,0.5,0.633,1.133,0.4,19,0,5,0,0,2,0
805,scottta01,23,BAL,53.1,,53,240,209,33,55,12,2,6,3,1,28,76,0.263,0.351,0.426,0.777,0.383,89,3,1,1,1,1,4
806,scribtr01,26,ARI,3.2,,1,21,15,2,4,1,0,0,0,0,6,4,0.267,0.476,0.333,0.81,0.364,5,0,0,0,0,0,0
807,senzaan01,23,COL,90.1,,23,390,353,45,94,24,3,10,4,0,30,69,0.266,0.326,0.436,0.763,0.303,154,7,3,1,3,1,0
808,severlu01,24,NYY,191.1,,32,780,726,76,173,39,3,19,10,5,46,220,0.238,0.288,0.379,0.666,0.315,275,13,5,1,2,0,5
809,sewalpa01,28,NYM,56.1,,46,253,224,39,62,17,2,8,1,0,23,58,0.277,0.343,0.478,0.82,0.335,107,4,1,2,3,2,2
810,shackke01,29,CIN,8,,5,41,34,8,13,4,0,0,0,0,4,7,0.382,0.439,0.5,0.939,0.448,17,1,1,0,2,1,0
811,shafeju01,25,TOR,8.1,,6,39,31,4,6,2,0,1,0,0,7,2,0.194,0.359,0.355,0.714,0.179,11,0,1,0,0,0,1
812,shawbr01,30,COL,54.2,,61,257,224,43,70,15,1,9,5,2,28,54,0.313,0.387,0.509,0.896,0.372,114,7,1,1,3,1,3
813,sheffju01,22,NYY,2.2,,3,14,11,3,4,1,0,1,0,0,3,0,0.364,0.5,0.727,1.227,0.3,8,1,0,0,0,0,0
814,sherfji01,26,ARI,16.1,,15,69,55,3,8,0,0,1,3,0,10,17,0.145,0.29,0.2,0.49,0.179,11,0,2,0,2,1,1
815,sherrry01,28,STL,5.2,,5,27,24,4,8,2,0,1,0,0,2,3,0.333,0.407,0.542,0.949,0.35,13,0,1,0,0,0,0
816,shielja02,36,CHW,204.2,,34,871,775,115,190,41,2,34,18,8,78,154,0.245,0.319,0.435,0.754,0.263,337,10,9,2,7,0,6
817,shiplbr01,26,ARI,5,,3,21,18,4,4,0,0,0,0,0,2,3,0.222,0.333,0.222,0.556,0.267,4,0,1,0,0,0,0
818,shoemma01,31,LAA,31,,7,130,119,17,29,8,0,3,1,0,10,33,0.244,0.308,0.387,0.694,0.313,46,4,1,0,0,0,1
819,shrevch01,27,TOT,52.2,,60,235,203,28,53,11,1,11,2,0,27,62,0.261,0.345,0.488,0.832,0.313,99,3,1,0,4,0,2
820,shrevch01,27,NYY,38,,40,170,149,23,39,8,1,8,0,0,18,46,0.262,0.341,0.49,0.831,0.32,73,1,1,0,2,0,2
821,shrevch01,27,STL,14.2,,20,65,54,5,14,3,0,3,2,0,9,16,0.259,0.354,0.481,0.835,0.297,26,2,0,0,2,0,0
822,simslu01,24,TOT,15.2,,9,77,62,13,15,3,0,3,1,0,13,16,0.242,0.39,0.435,0.825,0.279,27,0,2,0,0,1,0
823,simslu01,24,ATL,10.1,,6,52,43,9,12,2,0,2,0,0,8,10,0.279,0.404,0.465,0.869,0.323,20,0,1,0,0,1,0
824,simslu01,24,CIN,5.1,,3,25,19,4,3,1,0,1,1,0,5,6,0.158,0.36,0.368,0.728,0.167,7,0,1,0,0,0,0
825,sippto01,34,HOU,38.2,,54,151,135,8,27,10,1,1,0,2,13,42,0.2,0.272,0.311,0.583,0.277,42,3,1,0,2,0,0
826,skaggty01,26,LAA,125.1,,24,533,484,60,127,27,2,14,5,4,40,129,0.262,0.323,0.413,0.736,0.328,200,13,5,0,4,0,6
827,skogler01,25,KCR,70,,14,293,268,41,66,14,5,12,6,2,19,49,0.246,0.311,0.47,0.781,0.261,126,7,6,0,0,0,4
828,slegeaa01,25,MIN,13.2,,4,60,57,8,17,3,1,3,1,0,2,6,0.298,0.333,0.544,0.877,0.292,31,1,1,0,0,0,0
829,smithbu03,28,KCR,78,,38,358,308,60,90,16,1,15,4,1,40,77,0.292,0.376,0.497,0.873,0.341,153,6,4,2,4,2,2
830,smithca03,26,MIA,77.1,,16,326,286,36,63,16,1,10,2,4,33,88,0.22,0.306,0.388,0.694,0.279,111,3,3,2,2,2,3
831,smithca02,28,BOS,14.1,,18,64,58,6,14,1,2,2,4,0,6,18,0.241,0.313,0.431,0.744,0.316,25,0,0,0,0,0,1
832,smithdr01,24,NYM,28,,27,120,110,11,34,7,1,2,2,1,6,18,0.309,0.35,0.445,0.795,0.348,49,3,2,0,2,0,0
833,smithjo05,34,HOU,45.2,,56,180,164,20,34,5,1,7,3,2,12,46,0.207,0.267,0.378,0.645,0.239,62,4,2,0,2,0,1
834,smithmu01,30,TOR,3.1,,3,16,13,3,5,1,0,0,0,0,1,0,0.385,0.438,0.462,0.899,0.357,6,1,1,0,1,0,0
835,smithwi04,28,SFG,53,,54,210,191,18,37,8,0,3,4,0,15,71,0.194,0.25,0.283,0.533,0.286,54,1,0,2,2,4,1
836,smokejo01,29,TOT,7.1,,8,38,31,7,11,6,0,2,0,0,7,4,0.355,0.474,0.742,1.216,0.36,23,1,0,0,0,0,0
837,smokejo01,29,PIT,5.2,,7,31,26,7,11,6,0,2,0,0,5,2,0.423,0.516,0.885,1.401,0.409,23,1,0,0,0,0,0
838,smokejo01,29,DET,1.2,,1,7,5,0,0,0,0,0,0,0,2,2,0,0.286,0,0.286,0,0,0,0,0,0,0,0
839,smolija01,29,OAK,1,,1,5,5,2,2,1,0,1,0,0,0,0,0.4,0.4,1.2,1.6,0.25,6,0,0,0,0,0,0
840,snellbl01,25,TBR,180.2,,31,700,630,41,112,27,1,16,13,4,64,221,0.178,0.254,0.3,0.554,0.242,189,15,1,2,3,2,8
841,sneltdj01,26,SFG,4.1,,4,26,23,6,9,0,0,2,1,0,3,4,0.391,0.462,0.652,1.114,0.412,15,0,0,0,0,0,1
842,sobotch01,24,ATL,14.1,,14,58,48,3,5,1,0,2,2,0,9,21,0.104,0.246,0.25,0.496,0.12,12,0,0,1,0,2,0
843,socolmi01,31,ATL,5,,4,25,23,6,8,3,1,0,1,0,2,4,0.348,0.4,0.565,0.965,0.421,13,0,0,0,0,0,0
844,solissa01,29,WSN,39.1,,56,177,155,28,43,8,2,7,2,2,18,44,0.277,0.367,0.49,0.858,0.346,76,3,4,0,0,1,1
845,soriajo01,34,TOT,60.2,,66,255,236,24,53,11,2,4,2,0,16,75,0.225,0.28,0.339,0.619,0.312,80,4,2,1,0,1,7
846,soriajo01,34,CHW,38.2,,40,164,152,13,35,6,0,2,0,0,10,49,0.23,0.282,0.309,0.591,0.327,47,1,1,1,0,1,4
847,soriajo01,34,MIL,22,,26,91,84,11,18,5,2,2,2,0,6,26,0.214,0.275,0.393,0.668,0.286,33,3,1,0,0,0,3
848,sorokmi01,20,ATL,25.2,,5,113,104,14,30,10,0,1,1,0,7,21,0.288,0.33,0.413,0.744,0.349,43,3,0,1,1,0,1
849,spangco01,27,SDP,2,,2,12,9,3,4,1,0,0,0,0,3,0,0.444,0.583,0.556,1.139,0.444,5,1,0,0,0,0,0
850,sparkgl01,26,KCR,38.1,,15,176,155,20,47,11,2,3,0,1,15,27,0.303,0.358,0.458,0.816,0.338,71,1,1,0,5,3,1
851,sprinje01,25,TEX,32,,18,141,125,14,32,5,1,4,2,0,14,31,0.256,0.336,0.408,0.744,0.311,51,3,1,1,0,1,1
852,stammcr01,34,SDP,79,,73,317,294,25,65,18,0,3,5,0,17,88,0.221,0.27,0.313,0.583,0.304,92,6,3,2,1,3,3
853,stanery01,26,TBR,66.1,,59,263,235,23,45,9,1,8,4,3,27,81,0.191,0.278,0.34,0.618,0.253,80,5,1,0,0,1,0
854,steckdr01,27,MIA,64.2,,71,272,242,29,55,6,2,7,5,2,27,74,0.227,0.309,0.355,0.664,0.296,86,3,2,0,1,5,0
855,stephja01,24,CIN,38.1,,29,183,163,30,50,7,3,7,2,0,15,33,0.307,0.376,0.515,0.891,0.35,84,3,3,2,0,3,5
856,stephro01,25,CIN,11.2,,4,63,50,12,17,6,0,2,2,1,12,11,0.34,0.46,0.58,1.04,0.395,29,0,0,0,1,3,0
857,stewabr01,26,LAD,17.2,,9,90,76,15,23,3,1,4,0,0,9,14,0.303,0.386,0.526,0.913,0.322,40,1,2,1,1,3,3
858,stewako01,23,MIN,36.2,,8,159,138,16,34,8,0,1,2,1,18,24,0.246,0.346,0.326,0.672,0.292,45,6,3,0,0,0,1
859,stockro01,28,SDP,39.2,,32,166,150,13,37,5,0,1,1,4,13,38,0.247,0.315,0.3,0.615,0.324,45,3,2,1,0,1,3
860,stouter01,25,KCR,2.1,,3,16,14,7,7,2,0,2,0,0,2,2,0.5,0.563,1.071,1.634,0.5,15,0,0,0,0,0,0
861,strahma01,26,SDP,61.1,,41,245,219,16,39,8,1,6,3,2,21,69,0.178,0.258,0.306,0.564,0.228,67,2,3,1,1,1,3
862,straida01,29,MIA,122.1,,23,518,452,62,107,28,0,20,5,6,52,99,0.237,0.323,0.431,0.754,0.259,195,8,7,4,3,5,3
863,strasst01,29,WSN,130,,22,544,492,59,118,23,3,18,10,5,38,156,0.24,0.302,0.409,0.711,0.31,201,6,8,1,5,2,4
864,stratch01,27,SFG,145,,28,625,560,87,153,29,8,19,2,5,54,112,0.273,0.336,0.455,0.791,0.308,255,14,2,3,6,1,4
865,strichu01,29,SFG,45.1,,49,201,174,25,43,13,2,5,2,0,21,37,0.247,0.327,0.431,0.758,0.281,75,3,1,2,3,2,4
866,stripro01,28,LAD,122,,33,503,478,42,123,27,1,18,3,7,22,136,0.257,0.291,0.431,0.722,0.324,206,6,1,2,0,2,3
867,stromma01,27,TOR,102.1,,19,449,406,68,115,21,3,9,4,0,36,77,0.283,0.342,0.416,0.759,0.328,169,14,2,2,3,0,6
868,stroppe01,33,CHC,59.2,,60,240,212,15,38,8,0,4,0,0,21,57,0.179,0.268,0.274,0.541,0.224,58,7,5,1,1,3,3
869,stumpda01,27,DET,38.1,,56,173,154,23,44,10,2,5,7,1,16,37,0.286,0.349,0.474,0.823,0.342,73,2,0,1,2,1,3
870,suarean01,25,SFG,160.1,,29,665,606,85,163,25,7,23,4,3,45,130,0.269,0.32,0.447,0.767,0.305,271,22,3,5,6,1,5
871,suarera01,22,PHI,15,,4,69,62,14,21,2,1,3,0,0,6,11,0.339,0.397,0.548,0.945,0.375,34,4,0,1,0,1,1
872,sucreje01,30,TBR,1,,2,7,6,2,4,0,0,0,0,0,0,0,0.667,0.571,0.667,1.238,0.571,4,0,0,0,1,0,0
873,suerowa01,26,WSN,47.2,,40,200,179,20,43,12,3,4,6,3,15,47,0.24,0.312,0.408,0.719,0.302,73,1,4,1,1,2,2
874,suterbr01,28,MIL,101.1,,20,424,395,55,102,16,4,18,1,0,19,84,0.258,0.298,0.456,0.754,0.286,180,2,4,5,1,2,3
875,swarzan01,32,NYM,26.1,,29,116,100,18,28,1,1,6,1,3,14,31,0.28,0.371,0.49,0.861,0.344,49,2,1,0,1,0,0
876,syndeno01,25,NYM,154.1,,25,644,592,55,148,25,3,9,32,3,39,155,0.25,0.303,0.348,0.651,0.323,206,11,7,3,3,2,8
877,taillja01,26,PIT,191,,32,785,727,69,179,31,5,20,12,3,46,179,0.246,0.296,0.385,0.681,0.3,280,14,6,4,2,4,2
878,tanakma01,29,NYY,156,,27,635,588,68,141,32,0,25,7,2,35,159,0.24,0.29,0.422,0.711,0.286,248,13,7,3,2,0,5
879,tarplst01,25,NYY,9,,10,40,34,3,6,1,0,0,2,0,6,13,0.176,0.3,0.206,0.506,0.286,7,0,0,0,0,0,0
880,taylobe10,25,CLE,6,,6,25,24,4,6,2,0,2,0,0,1,8,0.25,0.28,0.583,0.863,0.286,14,0,0,0,0,0,0
881,tazawju01,32,TOT,28,,31,134,116,24,35,12,0,7,0,1,16,28,0.302,0.383,0.586,0.97,0.341,68,0,0,1,1,3,1
882,tazawju01,32,MIA,20,,22,99,85,21,28,8,0,6,0,1,13,24,0.329,0.414,0.635,1.049,0.393,54,0,0,0,1,3,0
883,tazawju01,32,LAA,8,,9,35,31,3,7,4,0,1,0,0,3,4,0.226,0.294,0.452,0.746,0.231,14,0,0,1,0,0,1
884,teherju01,27,ATL,175.2,,31,724,623,80,122,25,4,26,19,6,84,162,0.196,0.298,0.374,0.672,0.218,233,8,9,3,5,3,3
885,teperry01,30,TOR,64.2,,68,263,232,27,55,14,1,9,8,3,24,68,0.237,0.316,0.422,0.738,0.291,98,6,4,0,3,1,1
886,thompja03,24,PHI,16.1,,9,76,61,10,14,6,0,1,1,0,11,14,0.23,0.342,0.377,0.72,0.277,23,1,0,3,1,2,2
887,thornty01,29,BOS,24,,25,107,95,15,28,1,2,6,2,1,10,21,0.295,0.364,0.537,0.901,0.319,51,3,1,0,1,0,0
888,tillmch01,30,BAL,26.2,,7,137,115,32,42,11,2,6,0,1,17,13,0.365,0.449,0.652,1.101,0.367,75,3,2,1,2,0,1
889,toccica01,22,TEX,0.2,,1,2,2,0,0,0,0,0,0,0,0,0,0,0,0,0,0,0,0,0,0,0,0,1
890,tomlijo01,33,CLE,70.1,,32,321,303,52,92,18,0,25,2,0,12,46,0.304,0.336,0.611,0.947,0.286,185,2,4,0,2,1,5
891,torreca01,35,WSN,9.2,,10,41,37,7,9,1,0,3,0,1,3,9,0.243,0.317,0.514,0.831,0.24,19,0,1,0,0,0,0
892,toussto01,22,ATL,29,,7,123,99,13,18,7,0,1,2,1,21,32,0.182,0.336,0.283,0.619,0.258,28,4,2,1,0,1,0
893,treinbl01,30,OAK,80.1,,68,315,291,12,46,6,0,2,7,0,21,100,0.158,0.217,0.199,0.417,0.233,58,4,1,1,0,3,6
894,triggan01,29,OAK,41.1,,9,182,160,24,37,8,0,7,5,0,18,43,0.231,0.319,0.413,0.731,0.27,66,2,3,0,1,0,1
895,trivilo01,26,OAK,74,,69,299,264,24,53,6,0,8,10,2,31,82,0.201,0.289,0.314,0.603,0.257,83,8,2,1,1,4,0
896,tropeni01,27,LAA,76,,14,316,281,41,68,17,2,16,1,3,31,64,0.242,0.32,0.488,0.807,0.256,137,7,2,0,2,2,2
897,tsengje01,23,CHC,2,,1,10,10,3,4,2,0,1,0,0,0,3,0.4,0.4,0.9,1.3,0.5,9,0,0,0,0,0,0
898,tuivasa01,25,TOT,37,,36,165,148,15,41,8,1,3,3,1,12,30,0.277,0.337,0.405,0.743,0.328,60,5,2,2,1,2,5
899,tuivasa01,25,STL,31.2,,31,144,128,14,35,7,0,3,2,0,11,26,0.273,0.338,0.398,0.736,0.32,51,4,2,2,1,2,5
900,tuivasa01,25,SEA,5.1,,5,21,20,1,6,1,1,0,1,1,1,4,0.3,0.333,0.45,0.783,0.375,9,1,0,0,0,0,0
901,turnbsp01,25,DET,16.1,,4,69,65,11,17,3,0,1,0,0,4,15,0.262,0.304,0.354,0.658,0.327,23,1,0,0,0,0,0
902,turneja01,27,TOT,6.2,,5,46,39,17,19,5,0,2,3,0,6,3,0.487,0.543,0.769,1.313,0.486,30,0,0,0,1,0,1
903,turneja01,27,MIA,5.2,,4,35,29,10,13,5,0,1,1,0,5,2,0.448,0.514,0.724,1.238,0.444,21,0,0,0,1,0,0
904,turneja01,27,DET,1,,1,11,10,7,6,0,0,1,2,0,1,1,0.6,0.636,0.9,1.536,0.625,9,0,0,0,0,0,1
905,underdu01,23,CHC,4,,1,16,13,1,2,0,0,1,0,0,3,3,0.154,0.313,0.385,0.697,0.111,5,1,0,0,0,0,0
906,urenajo01,26,MIA,174,,31,712,640,78,155,28,2,19,5,8,51,130,0.242,0.308,0.381,0.69,0.275,244,16,12,5,4,8,3
907,uriasju01,21,LAD,4,,3,13,13,0,1,0,0,0,0,0,0,7,0.077,0.077,0.077,0.154,0.167,1,0,0,0,0,0,0
908,valdefr01,24,HOU,37,,8,154,126,10,22,3,0,3,1,1,24,34,0.175,0.325,0.27,0.595,0.213,34,7,4,0,0,0,0
909,valdejo03,28,SFG,5,,4,24,23,7,8,0,0,3,1,0,1,4,0.348,0.375,0.739,1.114,0.313,17,0,0,0,0,0,0
910,valenda01,33,BAL,0.1,,1,1,1,0,0,0,0,0,0,0,0,1,0,0,0,0,,0,0,0,0,0,0,0
911,valenje01,24,PHI,1,,1,7,5,3,2,1,0,1,0,0,2,1,0.4,0.571,1.2,1.771,0.333,6,0,0,0,0,0,0
912,vargaja01,35,NYM,92,,20,404,362,60,100,14,3,18,9,2,30,84,0.276,0.338,0.481,0.819,0.313,174,7,5,5,2,1,3
913,vasquan02,24,MIN,5,,9,26,21,4,5,1,1,0,0,0,2,7,0.238,0.385,0.381,0.766,0.357,8,0,3,0,0,0,1
914,vastoje01,26,TOT,4.1,,6,21,19,5,6,1,1,1,2,0,2,4,0.316,0.381,0.632,1.013,0.357,12,0,0,0,0,0,0
915,vastoje01,26,COL,0.2,,1,6,5,3,3,1,1,0,1,0,1,1,0.6,0.667,1.2,1.867,0.75,6,0,0,0,0,0,0
916,vastoje01,26,KCR,3.2,,5,15,14,2,3,0,0,1,1,0,1,3,0.214,0.267,0.429,0.695,0.2,6,0,0,0,0,0,0
917,riverfe01,26,PIT,70,,70,296,271,24,63,12,0,4,4,0,24,89,0.232,0.297,0.321,0.618,0.331,87,4,1,0,0,2,4
918,velasvi01,26,PHI,146.2,,31,630,553,83,138,35,5,16,2,5,59,161,0.25,0.329,0.418,0.747,0.322,231,9,8,7,3,1,5
919,velazhe01,29,BOS,85,,47,370,335,35,97,17,2,7,5,3,26,53,0.29,0.351,0.415,0.766,0.325,139,12,7,0,2,1,2
920,vendipa01,33,LAD,14,,15,57,52,4,11,3,0,1,0,0,3,9,0.212,0.281,0.327,0.608,0.238,17,2,2,0,0,1,1
921,ventejo01,33,TOT,34.1,,50,145,125,15,26,6,0,1,1,0,16,27,0.208,0.301,0.28,0.581,0.255,35,3,1,2,1,3,2
922,ventejo01,33,TBR,14,,22,58,52,6,11,3,0,1,0,0,6,11,0.212,0.293,0.327,0.62,0.25,17,1,0,0,0,1,0
923,ventejo01,33,ATL,20.1,,28,87,73,9,15,3,0,0,1,0,10,16,0.205,0.306,0.247,0.552,0.259,18,2,1,2,1,2,2
924,verhadr01,27,DET,56.1,,41,233,207,29,46,7,1,6,5,2,19,53,0.222,0.292,0.353,0.645,0.263,73,4,3,0,4,0,3
925,verlaju01,35,HOU,214,,34,833,781,63,156,31,5,28,3,4,37,290,0.2,0.242,0.36,0.602,0.274,281,3,8,2,5,0,2
926,vieirth01,24,CHW,17.2,,16,85,72,14,21,4,0,4,0,0,9,15,0.292,0.388,0.514,0.902,0.315,37,0,3,0,1,0,0
927,vinceni01,31,SEA,56.1,,62,239,218,28,50,7,2,7,2,0,15,56,0.229,0.286,0.376,0.662,0.274,82,1,3,1,2,4,4
928,vizcaar01,27,ATL,38.1,,39,158,141,9,30,8,0,4,0,0,15,40,0.213,0.297,0.355,0.652,0.268,50,3,2,0,0,1,0
929,volstch01,31,CHW,47.1,,33,215,196,35,65,16,0,9,3,1,12,29,0.332,0.374,0.551,0.925,0.348,108,7,3,1,3,1,2
930,vothau01,26,WSN,12.1,,4,55,47,9,12,0,0,3,0,0,6,11,0.255,0.333,0.447,0.78,0.265,21,0,0,1,1,0,0
931,wachami01,26,STL,84.1,,15,355,308,36,68,11,0,9,5,0,36,71,0.221,0.302,0.344,0.646,0.253,106,4,2,4,5,0,3
932,wahlbo01,26,NYM,5.1,,7,29,25,6,9,1,0,2,1,0,4,7,0.36,0.448,0.64,1.088,0.438,16,0,0,0,0,0,0
933,wainwad01,36,STL,40.1,,8,181,156,21,41,8,0,5,0,1,18,40,0.263,0.343,0.41,0.753,0.319,64,2,2,3,2,1,2
934,waldema01,29,BOS,14.2,,8,59,55,7,14,6,0,0,1,0,3,14,0.255,0.305,0.364,0.669,0.341,20,3,1,0,0,0,1
935,walketa01,25,ARI,13,,3,56,51,5,15,2,0,1,0,1,5,9,0.294,0.357,0.392,0.749,0.341,20,1,0,0,0,0,0
936,warread01,30,TOT,51.2,,47,223,200,18,48,10,0,6,5,2,20,52,0.24,0.314,0.38,0.694,0.294,76,1,2,0,1,1,1
937,warread01,30,NYY,30,,24,128,114,9,26,5,0,3,3,1,12,37,0.228,0.305,0.351,0.656,0.307,40,0,1,0,1,0,1
938,warread01,30,SEA,21.2,,23,95,86,9,22,5,0,3,2,1,8,15,0.256,0.326,0.419,0.745,0.279,36,1,1,0,0,1,0
939,watsoto01,33,SFG,66,,72,261,241,19,54,10,2,4,3,0,14,72,0.224,0.267,0.332,0.599,0.299,80,5,1,3,2,3,0
940,weavelu01,24,STL,136.1,,30,609,542,83,150,24,4,19,1,0,54,121,0.277,0.345,0.441,0.786,0.325,239,9,3,9,1,2,7
941,webbty01,27,TOT,20.1,,22,90,79,15,22,6,0,3,0,0,9,15,0.278,0.36,0.468,0.828,0.311,37,1,1,1,0,2,0
942,webbty01,27,SDP,5,,4,24,21,7,6,2,0,2,0,0,3,4,0.286,0.375,0.667,1.042,0.267,14,0,0,0,0,0,0
943,webbty01,27,STL,15.1,,18,66,58,8,16,4,0,1,0,0,6,11,0.276,0.354,0.397,0.75,0.326,23,1,1,1,0,2,0
944,weberry01,27,TBR,5.1,,2,25,21,5,5,1,1,0,1,1,2,1,0.238,0.32,0.381,0.701,0.238,8,0,1,0,1,0,1
945,webstal01,28,CHC,3,,3,15,12,2,2,0,0,1,0,0,1,3,0.167,0.333,0.417,0.75,0.125,5,0,2,0,0,0,1
946,weissza01,26,CIN,0,,1,4,2,4,2,0,0,2,0,0,2,0,1,1,4,5,,8,0,0,0,0,0,0
947,wendejb01,25,OAK,16.2,,13,62,57,1,8,2,0,1,0,0,5,14,0.14,0.21,0.228,0.438,0.167,13,1,0,0,0,0,0
948,whalero01,24,SEA,4,,1,14,13,0,1,0,0,0,0,0,1,0,0.077,0.143,0.077,0.22,0.077,1,0,0,0,0,0,0
949,wheelza01,28,NYM,182.1,,29,744,668,69,150,20,1,14,8,1,55,179,0.225,0.291,0.32,0.611,0.284,214,14,9,8,4,0,3
950,whitlch01,29,ATL,1,,1,6,5,2,2,1,0,1,0,0,1,1,0.4,0.5,1.2,1.7,0.333,6,0,0,0,0,0,0
951,wickro01,25,SDP,8.1,,10,38,37,6,13,3,1,1,1,0,1,7,0.351,0.368,0.568,0.936,0.414,21,1,0,0,0,0,0
952,wieckbr01,26,SDP,7,,5,24,24,1,3,1,0,1,0,0,0,10,0.125,0.125,0.292,0.417,0.154,7,0,0,0,0,0,0
953,wilkeaa01,29,MIL,9,,3,43,39,10,12,1,0,4,0,0,3,10,0.308,0.372,0.641,1.013,0.32,25,0,1,0,0,0,0
954,williau01,25,WSN,9.2,,10,44,37,6,10,1,0,5,0,0,6,8,0.27,0.372,0.703,1.075,0.208,26,0,0,1,0,2,0
955,willita01,26,MIL,53,,56,236,204,28,53,8,2,6,1,1,25,57,0.26,0.341,0.407,0.747,0.329,83,3,1,4,2,4,3
956,willitr01,26,PIT,170.2,,31,701,632,64,146,33,3,15,3,6,55,126,0.231,0.295,0.364,0.659,0.265,230,12,4,6,4,3,6
957,wilsoal01,31,DET,61.2,,59,245,224,24,50,7,1,8,0,3,15,43,0.223,0.276,0.371,0.646,0.24,83,4,2,2,2,2,2
958,wilsobr02,20,ATL,7,,3,33,26,5,8,4,0,0,1,0,6,6,0.308,0.424,0.462,0.886,0.381,12,2,0,0,1,2,0
959,wilsoju10,30,CHC,54.2,,71,236,202,22,45,11,0,5,1,2,33,69,0.223,0.331,0.351,0.682,0.31,71,5,0,0,1,1,3
960,wingetr01,24,SDP,19,,22,81,68,8,13,1,0,3,4,1,11,27,0.191,0.309,0.338,0.647,0.256,23,0,1,0,1,0,0
961,winklda01,28,ATL,60.1,,69,255,228,27,52,13,2,3,1,0,20,69,0.228,0.303,0.342,0.645,0.312,78,3,5,1,1,1,1
962,wislema01,25,TOT,40,,18,166,155,20,41,9,1,8,2,1,7,32,0.265,0.291,0.49,0.781,0.28,76,2,0,1,3,0,1
963,wislema01,25,ATL,26.2,,7,112,106,16,30,7,1,6,1,1,5,21,0.283,0.313,0.538,0.85,0.3,57,2,0,0,1,0,0
964,wislema01,25,CIN,13.1,,11,54,49,4,11,2,0,2,1,0,2,11,0.224,0.245,0.388,0.633,0.237,19,0,0,1,2,0,1
965,wittgni01,27,MIA,33.2,,32,148,130,13,29,8,1,1,0,1,15,31,0.223,0.306,0.323,0.629,0.283,42,1,1,1,1,3,4
966,woodal02,27,LAD,151.2,,33,637,579,70,143,25,0,14,5,2,40,135,0.247,0.301,0.363,0.664,0.295,210,14,8,3,7,5,11
967,woodbl01,32,LAA,11.2,,13,47,38,3,8,2,0,1,0,1,7,10,0.211,0.34,0.342,0.683,0.25,13,2,1,0,1,2,0
968,woodhu01,24,TBR,41,,29,179,159,17,42,4,2,4,2,1,18,42,0.264,0.337,0.39,0.727,0.333,62,2,0,1,1,1,0
969,woodrbr01,25,MIL,42.1,,19,176,159,18,36,5,1,4,2,0,14,47,0.226,0.295,0.346,0.641,0.294,55,3,2,0,1,0,0
970,workmbr01,29,BOS,41.1,,43,167,148,15,34,6,1,6,5,4,16,37,0.23,0.299,0.405,0.705,0.259,60,1,0,0,3,0,0
971,wrighky01,22,ATL,6,,4,28,22,3,4,0,0,2,1,0,6,5,0.182,0.357,0.455,0.812,0.133,10,0,0,0,0,0,0
972,wrighmi01,28,BAL,84.1,,48,388,338,55,101,16,2,12,1,1,36,74,0.299,0.372,0.464,0.837,0.345,157,6,7,1,6,1,2
973,wrighst01,33,BOS,53.2,,20,223,195,17,41,9,0,5,0,2,26,42,0.21,0.309,0.333,0.643,0.243,65,5,2,0,0,1,1
974,yacabji01,26,BAL,40,,12,177,153,25,40,6,1,8,1,0,18,33,0.261,0.358,0.471,0.829,0.286,72,3,5,1,0,1,1
975,yarbrry01,26,TBR,147.1,,38,628,568,70,140,41,0,18,8,2,50,128,0.246,0.316,0.414,0.73,0.288,235,10,8,1,1,6,7
976,yateski01,31,SDP,63,,65,250,226,15,41,4,0,6,5,1,17,90,0.181,0.248,0.279,0.527,0.263,63,2,4,0,3,0,2
977,zagurmi01,35,MIL,1,,2,10,8,7,5,1,2,0,0,0,2,2,0.625,0.7,1.25,1.95,0.833,10,0,0,0,0,1,0
978,zamorda01,25,NYM,9,,16,36,31,3,6,0,1,1,0,0,3,16,0.194,0.286,0.355,0.641,0.357,11,1,1,1,0,1,0
979,zastrro01,26,CHC,5.2,,6,26,21,3,6,2,0,0,2,0,4,3,0.286,0.423,0.381,0.804,0.333,8,0,1,0,0,0,0
980,zieglbr01,38,TOT,73.2,,82,305,276,34,71,11,1,8,1,1,25,50,0.257,0.321,0.391,0.713,0.286,108,14,2,0,2,6,3
981,zieglbr01,38,MIA,52,,53,213,193,25,49,7,1,7,0,1,17,37,0.254,0.319,0.409,0.729,0.28,79,11,2,0,1,4,2
982,zieglbr01,38,ARI,21.2,,29,92,83,9,22,4,0,1,1,0,8,13,0.265,0.326,0.349,0.675,0.3,29,3,0,0,1,2,1
983,zimmejo02,32,DET,131.1,,25,556,521,76,140,23,6,28,6,6,26,111,0.269,0.303,0.497,0.8,0.289,259,4,2,2,5,0,6
