playerID,yearID,stint,teamID,lgID,G,AB,R,H,2B,3B,HR,RBI,SB,CS,BB,SO,IBB,HBP,SH,SF,GIDP
abreujo02,2018,1,CHA,AL,128,499,68,132,36,1,22,78,2,0,37,109,7,11,0,6,14
acunaro01,2018,1,ATL,NL,111,433,78,127,26,4,26,64,16,5,45,123,2,6,0,3,4
adamewi01,2018,1,TBA,AL,85,288,43,80,7,0,10,34,6,5,31,95,3,1,1,2,6
adamja01,2018,1,KCA,AL,31,0,0,0,0,0,0,0,0,0,0,0,0,0,0,0,0
adamsau02,2018,1,WAS,NL,2,0,0,0,0,0,0,0,0,0,0,0,0,0,0,0,0
adamsch01,2018,1,NYA,AL,3,0,0,0,0,0,0,0,0,0,0,0,0,0,0,0,0
adamsla01,2018,1,ATL,NL,26,25,10,6,1,0,2,6,1,0,4,8,0,0,0,0,1
adamsma01,2018,1,WAS,NL,94,249,37,64,9,0,18,48,0,0,24,55,2,4,0,0,6
adamsma01,2018,2,SLN,NL,27,57,5,9,1,0,3,9,0,0,3,18,1,0,0,0,0
adducji02,2018,1,DET,AL,59,176,19,47,8,2,3,21,1,0,6,45,0,0,2,1,2
adriaeh01,2018,1,MIN,AL,114,335,42,84,23,1,6,39,5,1,24,82,2,1,4,2,4
aguilje01,2018,1,MIL,NL,149,492,80,135,25,0,35,108,0,0,58,143,3,6,0,10,19
ahmedni01,2018,1,ARI,NL,153,516,61,121,33,5,16,70,5,4,40,109,2,2,1,5,15
alberha01,2018,1,TEX,AL,13,27,0,5,2,0,0,0,0,1,2,4,0,0,1,0,0
alberma01,2018,1,MIL,NL,34,0,0,0,0,0,0,0,0,0,0,0,0,0,0,0,0
albieoz01,2018,1,ATL,NL,158,639,105,167,40,5,24,72,14,3,36,116,0,5,1,3,9
alcansa01,2018,1,MIA,NL,6,12,0,0,0,0,0,0,0,0,1,8,0,0,0,0,0
alcanvi01,2018,1,DET,AL,27,0,0,0,0,0,0,0,0,0,0,0,0,0,0,0,0
alexasc01,2018,1,LAN,NL,73,5,0,0,0,0,0,0,0,0,0,5,0,0,1,0,0
alfarjo01,2018,1,PHI,NL,108,344,35,90,16,2,10,37,3,0,18,138,6,14,0,1,2
alforan01,2018,1,TOR,AL,13,19,3,2,0,0,0,1,1,0,2,9,0,0,0,0,0
allarko01,2018,1,ATL,NL,3,1,1,1,0,0,0,0,0,0,0,0,0,0,2,0,0
allenco01,2018,1,CLE,AL,70,0,0,0,0,0,0,0,0,0,0,0,0,0,0,0,0
allengr01,2018,1,CLE,AL,91,265,36,68,11,3,2,20,21,4,14,58,1,7,4,1,5
almonab01,2018,1,KCA,AL,50,134,15,24,1,2,3,9,2,2,15,36,0,0,1,1,6
almonmi01,2018,1,LAA,AL,8,0,0,0,0,0,0,0,0,0,0,0,0,0,0,0,0
almonye01,2018,1,COL,NL,14,1,0,0,0,0,0,0,0,0,0,0,0,0,0,0,0
almoral01,2018,1,CHN,NL,152,444,62,127,24,1,5,41,1,3,24,83,1,3,2,6,12
alonsyo01,2018,1,CLE,AL,145,516,64,129,19,0,23,83,0,0,51,123,1,2,0,5,10
altavda01,2018,1,SEA,AL,22,0,0,0,0,0,0,0,0,0,0,0,0,0,0,0,0
altheaa01,2018,1,PHI,NL,105,243,28,44,11,1,8,38,3,2,36,91,0,4,0,2,13
altuvjo01,2018,1,HOU,AL,137,534,84,169,29,2,13,61,17,4,55,79,4,6,3,1,17
alvarjo02,2018,1,LAA,AL,76,0,0,0,0,0,0,0,0,0,0,0,0,0,0,0,0
alvarjo03,2018,1,TBA,AL,70,0,0,0,0,0,0,0,0,0,0,0,0,0,0,0,0
alvarpe01,2018,1,BAL,AL,45,111,18,20,2,0,8,18,0,0,16,36,0,0,0,0,2
anderbr04,2018,1,OAK,AL,17,4,0,1,0,0,0,0,0,0,0,0,0,0,0,0,1
anderbr06,2018,1,MIA,NL,156,590,87,161,34,4,11,65,2,4,62,129,2,16,0,2,18
anderch01,2018,1,MIL,NL,30,45,1,4,0,0,0,2,0,0,0,23,0,0,4,0,0
anderdr02,2018,1,PHI,NL,5,3,0,0,0,0,0,0,0,0,0,1,0,0,1,0,0
anderju01,2018,1,LAA,AL,57,0,0,0,0,0,0,0,0,0,0,0,0,0,0,0,0
anderta01,2018,1,PIT,NL,6,1,0,0,0,0,0,0,0,0,0,0,0,0,0,0,0
anderti01,2018,1,CHA,AL,153,567,77,136,28,3,20,64,26,8,30,149,2,4,2,3,15
anderty01,2018,1,COL,NL,33,50,7,5,0,0,0,1,0,0,3,32,0,1,6,0,1
andrejo03,2018,1,SEA,AL,3,5,0,1,0,0,0,0,0,0,1,2,0,0,0,0,0
andrejo03,2018,2,BAL,AL,23,56,4,13,2,0,0,4,2,0,4,17,0,0,0,1,1
andrima01,2018,1,TBA,AL,27,0,0,0,0,0,0,0,0,0,0,0,0,0,0,0,0
andrima01,2018,2,ARI,NL,14,1,0,0,0,0,0,0,0,0,0,1,0,0,0,0,0
andruel01,2018,1,TEX,AL,97,395,53,101,20,3,6,33,5,3,28,66,0,3,0,2,8
andujmi01,2018,1,NYA,AL,149,573,83,170,47,2,27,92,2,1,25,97,2,4,0,4,9
aquinar01,2018,1,CIN,NL,1,1,0,0,0,0,0,0,0,0,0,1,0,0,0,0,0
aranovi01,2018,1,PHI,NL,60,0,0,0,0,0,0,0,0,0,0,0,0,0,0,0,0
araujpe01,2018,1,BAL,AL,20,0,0,0,0,0,0,0,0,0,0,0,0,0,0,0,0
archech01,2018,1,TBA,AL,17,0,0,0,0,0,0,0,0,0,0,0,0,0,0,0,0
archech01,2018,2,PIT,NL,10,17,0,2,1,0,0,0,0,0,0,6,0,0,0,0,1
arciafr01,2018,1,LAA,AL,41,103,10,21,5,0,6,23,1,0,1,27,0,2,0,0,4
arciaor01,2018,1,MIL,NL,119,348,32,82,16,0,3,30,7,4,15,87,0,1,1,1,9
arenano01,2018,1,COL,NL,156,590,104,175,38,2,38,110,2,2,73,122,10,3,1,6,16
armstsh01,2018,1,SEA,AL,14,0,0,0,0,0,0,0,0,0,0,0,0,0,0,0,0
arrieja01,2018,1,PHI,NL,31,45,3,6,0,0,1,3,0,0,3,27,0,0,2,0,1
arroych01,2018,1,TBA,AL,20,53,5,14,2,1,1,6,0,0,6,16,0,0,0,0,0
asheral01,2018,1,MIL,NL,2,0,0,0,0,0,0,0,0,0,0,0,0,0,0,0,0
astudwi01,2018,1,MIN,AL,30,93,9,33,4,1,3,21,0,0,2,3,0,1,0,1,4
asuajca01,2018,1,SDN,NL,79,189,15,37,8,1,2,19,1,1,24,46,1,1,1,3,5
austity01,2018,1,NYA,AL,34,121,16,27,6,0,8,23,1,1,8,53,0,2,0,1,2
austity01,2018,2,MIN,AL,35,123,18,29,4,0,9,24,0,1,11,42,0,0,0,2,1
aveliab01,2018,1,SFN,NL,6,11,1,3,0,0,0,0,0,0,0,3,0,0,0,0,0
avilaal01,2018,1,ARI,NL,80,194,13,32,6,0,7,20,0,0,37,90,2,1,0,2,4
avilalu01,2018,1,CHA,AL,58,1,0,0,0,0,0,0,0,0,0,1,0,0,0,0,0
avilalu01,2018,2,PHI,NL,12,0,0,0,0,0,0,0,0,0,0,0,0,0,0,0,0
axforjo01,2018,1,TOR,AL,45,0,0,0,0,0,0,0,0,0,0,0,0,0,0,0,0
axforjo01,2018,2,LAN,NL,5,0,0,0,0,0,0,0,0,0,0,0,0,0,0,0,0
baderha01,2018,1,SLN,NL,138,379,61,100,20,2,12,37,15,3,31,125,3,11,2,4,1
baezja01,2018,1,CHN,NL,160,606,101,176,40,9,34,111,21,9,29,167,8,5,1,4,10
baezpe01,2018,1,LAN,NL,55,4,0,0,0,0,0,0,0,0,0,2,0,0,0,0,0
baezsa01,2018,1,DET,AL,9,0,0,0,0,0,0,0,0,0,0,0,0,0,0,0,0
baileho02,2018,1,CIN,NL,20,26,0,3,0,0,0,0,0,0,1,13,0,0,7,0,0
bandaan01,2018,1,TBA,AL,3,0,0,0,0,0,0,0,0,0,0,0,0,0,0,0,0
bandyje01,2018,1,MIL,NL,24,64,5,12,2,0,1,1,0,0,3,23,0,4,0,0,0
barbajo01,2018,1,DET,AL,7,0,0,0,0,0,0,0,0,0,0,0,0,0,0,0,0
bardlu01,2018,1,LAA,AL,8,0,0,0,0,0,0,0,0,0,0,0,0,0,0,0,0
barlosc01,2018,1,KCA,AL,6,0,0,0,0,0,0,0,0,0,0,0,0,0,0,0,0
barneau01,2018,1,LAN,NL,100,200,32,41,5,0,4,14,4,3,31,67,4,6,1,0,7
barnebr02,2018,1,CLE,AL,19,19,2,5,0,0,1,2,0,0,2,5,0,0,0,0,1
barneda02,2018,1,TOR,AL,47,0,0,0,0,0,0,0,0,0,0,0,0,0,0,0,0
barneja01,2018,1,MIL,NL,49,0,0,0,0,0,0,0,0,0,0,0,0,0,0,0,0
barnema01,2018,1,BOS,AL,62,0,0,0,0,0,0,0,0,0,0,0,0,0,0,0,0
barneto01,2018,1,TEX,AL,22,0,0,0,0,0,0,0,0,0,0,0,0,0,0,0,0
barnhtu01,2018,1,CIN,NL,138,460,50,114,21,3,10,46,0,4,54,96,2,2,3,3,13
baronst01,2018,1,SLN,NL,2,5,0,1,0,0,0,0,0,0,0,2,0,0,0,0,0
barraky01,2018,1,MIA,NL,61,0,0,0,0,0,0,0,0,0,0,0,0,0,0,0,0
barrefr02,2018,1,OAK,AL,32,73,10,17,4,0,5,16,0,0,1,29,0,1,0,0,3
barreja01,2018,1,ARI,NL,7,0,0,0,0,0,0,0,0,0,0,0,0,0,0,0,0
barrija01,2018,1,LAA,AL,26,5,0,0,0,0,0,0,0,0,0,1,0,0,0,0,1
bashlty01,2018,1,NYN,NL,24,1,0,0,0,0,0,0,0,0,0,1,0,0,0,0,0
bassan01,2018,1,CHN,NL,16,0,0,0,0,0,0,0,0,0,0,0,0,0,0,0,0
bassich01,2018,1,OAK,AL,11,0,0,0,0,0,0,0,0,0,0,0,0,0,0,0,0
bauerja01,2018,1,TBA,AL,96,323,48,65,22,2,11,48,6,6,54,104,0,3,2,6,3
bauertr01,2018,1,CLE,AL,28,3,1,0,0,0,0,0,0,0,0,1,0,0,0,0,0
baumabu01,2018,1,SDN,NL,1,0,0,0,0,0,0,0,0,0,0,0,0,0,0,0,0
baumabu01,2018,2,NYN,NL,3,1,0,0,0,0,0,0,0,0,0,0,0,0,0,0,0
bautige01,2018,1,NYN,NL,5,0,0,0,0,0,0,0,0,0,0,0,0,0,0,0,0
bautijo02,2018,1,ATL,NL,12,35,3,5,1,0,2,5,0,0,5,12,0,0,0,0,0
bautijo02,2018,2,NYN,NL,83,245,37,50,13,0,9,37,2,2,51,84,2,5,0,1,2
bautijo02,2018,3,PHI,NL,27,45,12,11,4,0,2,6,2,1,11,15,0,1,0,0,0
bautira01,2018,1,WAS,NL,9,6,1,0,0,0,0,0,0,0,0,1,0,0,0,0,1
beckch02,2018,1,CHA,AL,14,1,0,0,0,0,0,0,0,0,0,1,0,0,0,0,0
beckch02,2018,2,NYN,NL,6,1,0,0,0,0,0,0,0,0,0,1,0,0,0,0,0
beckhgo01,2018,1,SEA,AL,22,44,3,8,1,0,0,1,1,0,4,11,0,0,2,0,1
beckhti01,2018,1,BAL,AL,96,369,45,85,17,0,12,35,1,2,27,100,0,3,1,2,10
bedroca01,2018,1,LAA,AL,71,0,0,0,0,0,0,0,0,0,0,0,0,0,0,0,0
beedety01,2018,1,SFN,NL,2,2,0,0,0,0,0,0,0,0,0,2,0,0,0,0,0
beeksja01,2018,1,BOS,AL,2,0,0,0,0,0,0,0,0,0,0,0,0,0,0,0,0
beeksja01,2018,2,TBA,AL,12,2,0,0,0,0,0,0,0,0,0,1,0,0,0,0,0
belisma01,2018,1,CLE,AL,8,0,0,0,0,0,0,0,0,0,0,0,0,0,0,0,0
belisma01,2018,2,MIN,AL,25,0,0,0,0,0,0,0,0,0,0,0,0,0,0,0,0
belivje01,2018,1,CLE,AL,9,0,0,0,0,0,0,0,0,0,0,0,0,0,0,0,0
bellch02,2018,1,DET,AL,3,0,0,0,0,0,0,0,0,0,0,0,0,0,0,0,0
bellico01,2018,1,LAN,NL,162,557,84,145,28,7,25,76,14,1,69,151,9,3,0,3,7
belljo02,2018,1,PIT,NL,148,501,74,131,31,4,12,62,2,5,77,104,2,0,0,5,12
beltbr01,2018,1,SFN,NL,112,399,50,101,18,2,14,46,4,0,49,107,6,6,0,2,2
beltrad01,2018,1,TEX,AL,119,433,49,118,23,1,15,65,1,0,34,96,2,6,0,8,13
beninan01,2018,1,BOS,AL,148,579,103,168,41,6,16,87,21,3,71,106,1,2,2,7,9
bergmch01,2018,1,SEA,AL,3,2,0,1,0,0,0,1,0,0,0,0,0,0,0,0,0
berrijo01,2018,1,MIN,AL,32,4,0,0,0,0,0,0,0,0,0,2,0,0,0,0,0
bertijo01,2018,1,TOR,AL,4,15,2,4,1,1,0,2,1,0,0,4,0,0,0,0,0
betande01,2018,1,NYA,AL,66,1,0,0,0,0,0,0,0,0,0,1,0,0,0,0,0
bettich01,2018,1,COL,NL,27,34,2,3,0,0,0,2,0,0,2,18,0,0,3,0,0
bettsmo01,2018,1,BOS,AL,136,520,129,180,47,5,32,80,30,6,73,91,8,8,0,5,5
biagijo01,2018,1,TOR,AL,50,0,0,0,0,0,0,0,0,0,0,0,0,0,0,0,0
bibenau01,2018,1,TEX,AL,13,0,0,0,0,0,0,0,0,0,0,0,0,0,0,0,0
biddlje01,2018,1,ATL,NL,60,2,0,1,1,0,0,1,0,0,0,0,0,0,0,0,0
biebesh01,2018,1,CLE,AL,20,4,0,1,1,0,0,0,0,0,1,2,0,0,0,0,0
birdgr01,2018,1,NYA,AL,82,272,23,54,16,1,11,38,0,0,30,78,1,5,0,4,4
blachty01,2018,1,SFN,NL,50,29,0,1,0,0,0,0,0,0,2,15,0,0,3,0,1
blackch02,2018,1,COL,NL,156,626,119,182,31,7,29,70,12,4,59,134,2,8,1,2,10
blackpa01,2018,1,OAK,AL,6,2,0,0,0,0,0,0,0,0,0,0,0,0,0,0,1
blackra01,2018,1,SFN,NL,26,0,0,0,0,0,0,0,0,0,0,0,0,0,0,0,0
blancgr01,2018,1,SFN,NL,68,189,19,41,7,3,2,12,6,2,12,58,0,0,1,1,2
blandal01,2018,1,CIN,NL,69,128,14,30,4,0,1,8,0,0,13,41,1,4,2,0,4
blashja01,2018,1,LAA,AL,24,39,4,4,1,0,0,1,2,1,5,24,0,0,0,1,0
bleicje01,2018,1,OAK,AL,2,0,0,0,0,0,0,0,0,0,0,0,0,0,0,0,0
bleieri01,2018,1,BAL,AL,31,0,0,0,0,0,0,0,0,0,0,0,0,0,0,0,0
blevije01,2018,1,NYN,NL,64,2,0,1,0,0,0,1,0,0,0,1,0,0,0,0,0
bogaexa01,2018,1,BOS,AL,136,513,72,148,45,3,23,103,8,2,55,102,4,6,0,6,14
bonifjo01,2018,1,KCA,AL,69,236,31,53,16,2,4,23,0,1,29,71,1,2,1,2,3
borucry01,2018,1,TOR,AL,17,0,0,0,0,0,0,0,0,0,0,0,0,0,0,0,0
bostich01,2018,1,PIT,NL,2,2,0,0,0,0,0,0,0,0,0,1,0,0,0,0,0
bostich01,2018,2,MIA,NL,13,14,0,3,1,0,0,2,0,0,2,6,0,0,0,0,0
boteda01,2018,1,CHN,NL,74,184,23,44,9,2,6,33,3,4,19,60,1,4,0,3,3
bourjpe01,2018,1,ATL,NL,36,44,5,9,2,1,1,4,0,0,2,15,0,0,1,0,0
bourju01,2018,1,MIA,NL,112,374,43,85,10,1,19,54,1,0,69,111,6,1,0,3,8
bourju01,2018,2,PHI,NL,29,49,6,11,3,0,1,5,1,0,4,13,0,1,0,0,2
bowmama01,2018,1,SLN,NL,22,1,0,0,0,0,0,0,0,0,0,0,0,0,0,0,0
boxbebr01,2018,1,ARI,NL,60,0,0,0,0,0,0,0,0,0,0,0,0,0,0,0,0
boydma01,2018,1,DET,AL,31,2,0,0,0,0,0,0,0,0,0,2,0,0,0,0,0
boyerbl01,2018,1,KCA,AL,21,0,0,0,0,0,0,0,0,0,0,0,0,0,0,0,0
brachbr01,2018,1,BAL,AL,42,0,0,0,0,0,0,0,0,0,0,0,0,0,0,0,0
brachbr01,2018,2,ATL,NL,27,0,0,0,0,0,0,0,0,0,0,0,0,0,0,0,0
brachsi01,2018,1,ARI,NL,31,0,0,0,0,0,0,0,0,0,0,0,0,0,0,0,0
bradfch02,2018,1,SEA,AL,46,0,0,0,0,0,0,0,0,0,0,0,0,0,0,0,0
bradlar01,2018,1,ARI,NL,76,0,0,0,0,0,0,0,0,0,0,0,0,0,0,0,0
bradlja02,2018,1,BOS,AL,144,474,76,111,33,4,13,59,17,1,46,137,3,11,0,4,6
brantmi02,2018,1,CLE,AL,143,570,89,176,36,2,17,76,12,3,48,60,0,5,1,6,15
brasiry01,2018,1,BOS,AL,34,0,0,0,0,0,0,0,0,0,0,0,0,0,0,0,0
braulst01,2018,1,PIT,NL,46,20,0,3,1,0,0,0,0,0,1,5,0,0,0,0,0
braunry02,2018,1,MIL,NL,125,405,59,103,25,1,20,64,11,5,34,85,5,2,0,3,8
brebbjo01,2018,1,SLN,NL,45,2,0,0,0,0,0,0,0,0,0,1,0,0,0,0,0
bregmal01,2018,1,HOU,AL,157,594,105,170,51,1,31,103,10,4,96,85,2,12,0,3,15
breweco01,2018,1,SDN,NL,11,0,0,0,0,0,0,0,0,0,0,0,0,0,0,0,0
briceau01,2018,1,CIN,NL,33,1,0,0,0,0,0,0,0,0,0,1,0,0,0,0,0
bricejo01,2018,1,LAA,AL,46,117,12,28,2,0,5,10,0,1,8,35,0,2,1,0,2
bridwpa01,2018,1,LAA,AL,5,0,0,0,0,0,0,0,0,0,0,0,0,0,0,0,0
brighje01,2018,1,MIA,NL,4,3,1,1,0,0,0,0,0,0,0,1,0,0,1,0,0
brinsle01,2018,1,MIA,NL,109,382,31,76,10,5,11,42,2,1,17,120,2,4,0,2,6
britoso01,2018,1,ARI,NL,24,40,3,7,0,0,1,3,0,1,3,9,0,0,0,1,0
brittza01,2018,1,BAL,AL,16,0,0,0,0,0,0,0,0,0,0,0,0,0,0,0,0
brittza01,2018,2,NYA,AL,25,0,0,0,0,0,0,0,0,0,0,0,0,0,0,0,0
brookaa01,2018,1,OAK,AL,3,0,0,0,0,0,0,0,0,0,0,0,0,0,0,0,0
brothre01,2018,1,ATL,NL,1,0,0,0,0,0,0,0,0,0,0,0,0,0,0,0,0
broxtke01,2018,1,MIL,NL,51,78,15,14,2,2,4,11,5,1,11,28,0,0,0,0,0
bruceja01,2018,1,NYN,NL,94,319,31,71,18,1,9,37,2,3,41,75,4,0,0,1,3
bryankr01,2018,1,CHN,NL,102,389,59,106,28,3,13,52,2,4,48,107,6,17,0,3,5
buchhcl01,2018,1,ARI,NL,17,31,0,2,1,0,0,1,0,0,1,17,0,0,5,0,0
buchtry01,2018,1,OAK,AL,54,0,0,0,0,0,0,0,0,0,0,0,0,0,0,0,0
buehlwa01,2018,1,LAN,NL,24,43,1,7,0,0,0,1,0,0,2,21,0,0,2,0,0
bumgama01,2018,1,SFN,NL,22,44,2,7,2,0,0,4,0,0,1,20,0,0,0,1,0
bummeaa01,2018,1,CHA,AL,37,0,0,0,0,0,0,0,0,0,0,0,0,0,0,0,0
bundydy01,2018,1,BAL,AL,31,5,1,1,0,0,0,0,0,0,0,2,0,0,0,0,0
burdini01,2018,1,PIT,NL,2,0,0,0,0,0,0,0,0,0,0,0,0,0,0,0,0
burneco01,2018,1,MIL,NL,30,0,0,0,0,0,0,0,0,0,0,0,0,0,1,0,0
burrry01,2018,1,CHA,AL,8,0,0,0,0,0,0,0,0,0,0,0,0,0,0,0,0
busenal01,2018,1,MIN,AL,23,0,0,0,0,0,0,0,0,0,0,0,0,0,0,0,0
bushma01,2018,1,TEX,AL,21,0,0,0,0,0,0,0,0,0,0,0,0,0,0,0,0
buterdr01,2018,1,KCA,AL,52,149,11,28,9,0,2,18,0,0,13,37,0,2,0,2,4
buterdr01,2018,2,COL,NL,10,14,2,3,0,0,1,3,0,0,2,2,0,0,0,0,0
butleda01,2018,1,BOS,AL,2,6,0,1,0,0,0,1,0,0,0,2,0,0,0,1,0
butleed01,2018,1,CHN,NL,8,2,0,0,0,0,0,0,0,0,1,0,0,0,0,0,0
butleed01,2018,2,TEX,AL,22,0,0,0,0,0,0,0,0,0,0,0,0,0,0,0,0
buttrty01,2018,1,LAA,AL,16,0,0,0,0,0,0,0,0,0,0,0,0,0,0,0,0
buxtoby01,2018,1,MIN,AL,28,90,8,14,4,0,0,4,5,0,3,28,0,0,1,0,1
cabreas01,2018,1,NYN,NL,98,375,48,104,23,1,18,58,0,0,29,81,1,1,0,2,12
cabreas01,2018,2,PHI,NL,49,171,20,39,13,0,5,17,0,0,12,38,0,2,0,0,4
cabreme01,2018,1,CLE,AL,78,250,28,70,17,0,6,39,1,1,20,38,0,3,0,5,10
cabremi01,2018,1,DET,AL,38,134,17,40,11,0,3,22,0,0,22,27,4,0,0,1,6
cahiltr01,2018,1,OAK,AL,21,0,0,0,0,0,0,0,0,0,0,0,0,0,0,0,0
cainlo01,2018,1,MIL,NL,141,539,90,166,25,2,10,38,30,7,71,94,1,8,0,2,10
calhoko01,2018,1,LAA,AL,137,491,71,102,18,2,19,57,6,2,53,133,2,1,0,6,9
calhowi01,2018,1,TEX,AL,35,99,8,22,5,0,2,11,0,0,6,24,0,1,0,2,2
camarjo01,2018,1,ATL,NL,134,464,63,126,27,1,19,76,1,1,51,108,4,6,0,3,13
candeje01,2018,1,DET,AL,144,539,78,121,28,3,19,54,3,2,66,160,1,9,0,5,4
canhama01,2018,1,OAK,AL,122,365,60,91,22,0,17,52,1,2,34,88,3,10,0,2,11
canoro01,2018,1,SEA,AL,80,310,44,94,22,0,10,50,0,0,32,47,2,4,0,2,9
caratvi01,2018,1,CHN,NL,76,181,21,42,7,0,2,21,0,0,12,42,0,4,2,1,5
carlesh01,2018,1,ATL,NL,53,4,0,0,0,0,0,0,0,0,0,4,0,0,1,0,0
carpema01,2018,1,SLN,NL,156,564,111,145,42,0,36,81,4,1,102,158,17,6,0,4,0
carpery01,2018,1,DET,AL,6,0,0,0,0,0,0,0,0,0,0,0,0,0,0,0,0
carraca01,2018,1,CLE,AL,32,4,0,1,0,0,0,1,0,0,0,2,0,0,0,0,0
carroco01,2018,1,BAL,AL,15,0,0,0,0,0,0,0,0,0,0,0,0,0,0,0,0
casalcu01,2018,1,CIN,NL,52,140,15,41,10,0,4,16,0,2,12,32,1,2,1,1,5
cashnan01,2018,1,BAL,AL,29,3,0,0,0,0,0,0,0,0,0,1,0,0,0,0,0
casteni01,2018,1,DET,AL,157,620,88,185,46,5,23,89,2,1,49,151,5,6,0,3,8
castidi01,2018,1,TBA,AL,43,1,0,0,0,0,0,0,0,0,0,1,0,0,0,0,0
castijo03,2018,1,SDN,NL,37,1,0,0,0,0,0,1,0,0,0,0,0,0,0,0,0
castilu02,2018,1,CIN,NL,31,59,4,6,1,0,0,2,0,0,2,23,0,0,4,0,0
castiwe01,2018,1,CHA,AL,49,170,17,44,7,0,6,15,1,0,9,46,0,2,0,0,7
castrda01,2018,1,COL,NL,18,46,2,8,1,0,1,6,0,0,1,7,1,0,0,0,2
castrha01,2018,1,DET,AL,6,10,2,3,0,0,0,0,1,0,0,2,0,0,0,0,0
castrja01,2018,1,MIN,AL,19,63,4,9,3,0,1,3,0,0,9,26,0,1,0,1,2
castrmi01,2018,1,BAL,AL,63,0,0,0,0,0,0,0,0,0,0,0,0,0,0,0,0
castrst01,2018,1,MIA,NL,154,593,76,165,32,2,12,54,6,4,48,124,3,0,0,6,18
caveja01,2018,1,MIN,AL,91,283,54,76,17,2,13,45,2,1,18,102,2,3,2,3,2
cecilbr01,2018,1,SLN,NL,40,0,0,0,0,0,0,0,0,0,0,0,0,0,0,0,0
cedenxa01,2018,1,CHA,AL,33,0,0,0,0,0,0,0,0,0,0,0,0,0,0,0,0
cedenxa01,2018,2,MIL,NL,15,0,0,0,0,0,0,0,0,0,0,0,0,0,0,0,0
centeju01,2018,1,TEX,AL,10,37,3,6,1,0,1,3,0,0,1,7,0,0,0,0,2
cervefr01,2018,1,PIT,NL,104,332,39,86,15,3,12,57,2,3,51,84,1,15,2,4,7
cespeyo01,2018,1,NYN,NL,38,141,20,37,6,0,9,29,3,0,13,50,2,1,0,2,1
cessalu01,2018,1,NYA,AL,16,1,0,0,0,0,0,0,0,0,0,1,0,0,0,0,0
chacijh01,2018,1,MIL,NL,36,56,2,9,1,0,0,1,0,0,3,17,0,0,9,0,0
chafian01,2018,1,ARI,NL,77,0,0,0,0,0,0,0,0,0,0,0,0,0,0,0,0
chapmar01,2018,1,NYA,AL,55,0,0,0,0,0,0,0,0,0,0,0,0,0,0,0,0
chapmma01,2018,1,OAK,AL,145,547,100,152,42,6,24,68,1,2,58,146,0,9,0,2,18
chargjt01,2018,1,LAN,NL,39,1,0,0,0,0,0,0,0,0,0,0,0,0,0,0,0
chatwty01,2018,1,CHN,NL,25,25,3,4,0,0,0,2,0,0,1,6,0,0,6,0,0
chaveje01,2018,1,TEX,AL,30,1,0,0,0,0,0,0,0,0,0,1,0,0,0,0,0
chaveje01,2018,2,CHN,NL,32,0,0,0,0,0,0,0,0,0,0,0,0,0,0,0,0
chenwe02,2018,1,MIA,NL,27,40,2,6,1,0,0,2,0,0,0,18,0,0,2,0,0
chiriro01,2018,1,TEX,AL,113,360,48,80,15,1,18,65,2,0,45,140,0,19,0,2,7
chiriyo01,2018,1,TBA,AL,18,1,0,0,0,0,0,0,0,0,0,1,0,0,0,0,0
chiselo01,2018,1,CLE,AL,29,84,11,27,6,1,1,9,1,0,8,12,1,2,1,0,2
choiji01,2018,1,MIL,NL,12,30,4,7,2,0,2,5,0,0,2,14,1,0,0,0,1
choiji01,2018,2,TBA,AL,49,160,21,43,12,1,8,27,2,0,24,41,0,3,0,2,0
choosh01,2018,1,TEX,AL,146,560,83,148,30,1,21,62,6,1,92,156,2,10,1,2,11
cimbead01,2018,1,SDN,NL,42,4,0,0,0,0,0,0,0,0,0,3,0,0,0,0,0
cimbead01,2018,2,CLE,AL,28,0,0,0,0,0,0,0,0,0,0,0,0,0,0,0,0
cingrto01,2018,1,LAN,NL,30,0,0,0,0,0,0,0,0,0,0,0,0,0,0,0,0
cishest01,2018,1,CHN,NL,80,6,1,1,0,0,0,0,0,0,0,2,0,0,0,0,0
ciuffni01,2018,1,TBA,AL,16,37,3,7,1,0,1,5,0,0,3,12,0,1,2,1,1
claudal01,2018,1,TEX,AL,66,0,0,0,0,0,0,0,0,0,0,0,0,0,0,0,0
clevimi01,2018,1,CLE,AL,32,4,0,0,0,0,0,0,0,0,0,4,0,0,0,0,0
clippty01,2018,1,TOR,AL,73,0,0,0,0,0,0,0,0,0,0,0,0,0,0,0,0
cloydty01,2018,1,MIA,NL,7,3,0,0,0,0,0,0,0,0,0,2,0,0,0,0,0
cobbal01,2018,1,BAL,AL,28,6,0,1,0,0,0,0,0,0,0,2,0,0,1,0,0
coleaj01,2018,1,WAS,NL,4,3,1,1,0,0,1,1,0,0,0,1,0,0,1,0,0
coleaj01,2018,2,NYA,AL,28,0,0,0,0,0,0,0,0,0,0,0,0,0,0,0,0
colege01,2018,1,HOU,AL,32,9,0,0,0,0,0,0,0,0,0,8,0,0,0,0,0
colemlo01,2018,1,DET,AL,51,0,0,0,0,0,0,0,0,0,0,0,0,0,0,0,0
coleta01,2018,1,LAA,AL,18,0,0,0,0,0,0,0,0,0,0,0,0,0,0,0,0
colliti01,2018,1,WAS,NL,38,0,0,0,0,0,0,0,0,0,0,0,0,0,0,0,0
colomal01,2018,1,TBA,AL,23,0,0,0,0,0,0,0,0,0,0,0,0,0,0,0,0
colomal01,2018,2,SEA,AL,47,0,0,0,0,0,0,0,0,0,0,0,0,0,0,0,0
colonba01,2018,1,TEX,AL,28,4,0,0,0,0,0,0,0,0,0,3,0,0,0,0,0
confomi01,2018,1,NYN,NL,153,543,78,132,25,1,28,82,3,4,84,159,8,7,0,4,10
conlead01,2018,1,MIA,NL,52,0,0,0,0,0,0,0,0,0,0,0,0,0,0,0,0
conlopj01,2018,1,NYN,NL,3,3,1,1,0,0,0,0,0,0,0,0,0,0,0,0,0
contrwi01,2018,1,CHN,NL,138,474,50,118,27,5,10,54,4,1,53,121,2,13,2,2,14
cookry01,2018,1,SEA,AL,19,0,0,0,0,0,0,0,0,0,0,0,0,0,0,0,0
coopega03,2018,1,MIA,NL,14,33,2,7,1,0,0,2,0,0,4,12,0,1,0,0,1
copelsc01,2018,1,NYN,NL,1,0,0,0,0,0,0,0,0,0,0,0,0,0,0,0,0
corbipa01,2018,1,ARI,NL,33,61,1,12,1,0,0,5,0,0,2,25,0,0,4,0,3
corcida01,2018,1,LAN,NL,2,1,0,0,0,0,0,0,0,0,0,1,0,0,0,0,0
cordefr02,2018,1,SDN,NL,40,139,19,33,5,1,7,19,5,2,14,55,0,0,1,0,1
cordeji01,2018,1,WAS,NL,22,0,0,0,0,0,0,0,0,0,0,0,0,0,0,0,0
cordery01,2018,1,CHA,AL,19,37,3,4,1,0,1,4,0,0,0,15,0,1,0,2,0
correca01,2018,1,HOU,AL,110,402,60,96,20,1,15,65,3,0,53,111,3,2,0,11,17
cortene01,2018,1,BAL,AL,4,0,0,0,0,0,0,0,0,0,0,0,0,0,0,0,0
couloda01,2018,1,OAK,AL,27,0,0,0,0,0,0,0,0,0,0,0,0,0,0,0,0
coveydy01,2018,1,CHA,AL,27,1,0,0,0,0,0,0,0,0,0,1,0,0,0,0,0
cowarka01,2018,1,LAA,AL,47,112,7,15,7,1,1,10,1,0,10,44,0,1,0,1,2
cozarza01,2018,1,LAA,AL,58,224,29,49,13,2,5,18,0,0,19,42,0,7,0,3,7
cozendy01,2018,1,PHI,NL,26,38,2,6,2,0,1,2,1,0,6,24,0,0,0,0,0
crawfbr01,2018,1,SFN,NL,151,531,63,135,28,2,14,54,4,5,50,122,13,8,0,5,12
crawfjp01,2018,1,PHI,NL,49,117,17,25,6,3,3,12,2,0,13,37,0,5,2,0,2
crickky01,2018,1,PIT,NL,64,0,0,0,0,0,0,0,0,0,0,0,0,0,0,0,0
crockky01,2018,1,CIN,NL,15,0,0,0,0,0,0,0,0,0,0,0,0,0,0,0,0
croncj01,2018,1,TBA,AL,140,501,68,127,28,1,30,74,1,2,37,145,2,17,0,5,11
cruzne02,2018,1,SEA,AL,144,519,70,133,18,1,37,97,1,0,55,122,5,14,0,3,15
cruzrh01,2018,1,TOR,AL,2,0,0,0,0,0,0,0,0,0,0,0,0,0,0,0,0
cruzto03,2018,1,CIN,NL,9,26,2,4,1,0,1,2,0,0,0,11,0,0,0,0,4
cuetojo01,2018,1,SFN,NL,9,12,0,0,0,0,0,0,0,0,0,3,0,0,1,0,0
cuevano01,2018,1,COL,NL,75,146,16,34,4,1,2,10,1,0,6,24,1,1,0,0,1
cuevawi01,2018,1,BOS,AL,9,0,0,0,0,0,0,0,0,0,0,0,0,0,0,0,0
culbech01,2018,1,ATL,NL,113,296,47,80,18,2,12,45,4,2,21,85,5,4,0,1,5
cumptbr01,2018,1,TOR,AL,1,0,0,0,0,0,0,0,0,0,0,0,0,0,0,0,0
curtijo02,2018,1,MIN,AL,8,0,0,0,0,0,0,0,0,0,0,0,0,0,0,0,0
curtiza01,2018,1,PHI,NL,7,0,0,0,0,0,0,0,0,0,0,0,0,0,0,0,0
curtiza01,2018,2,TEX,AL,8,0,0,0,0,0,0,0,0,0,0,0,0,0,0,0,0
cuthbch01,2018,1,KCA,AL,30,103,11,20,2,0,3,7,0,1,11,23,0,2,0,1,5
dahlda01,2018,1,COL,NL,77,249,31,68,11,3,16,48,5,3,19,68,4,1,0,2,4
danisty01,2018,1,CHA,AL,7,0,0,0,0,0,0,0,0,0,0,0,0,0,0,0,0
darnach01,2018,1,SFN,NL,42,93,9,20,5,0,3,9,2,1,4,37,0,1,1,1,0
darnatr01,2018,1,NYN,NL,4,15,1,3,0,0,1,3,0,0,1,5,0,0,0,0,0
darviyu01,2018,1,CHN,NL,8,12,0,1,1,0,0,0,0,0,0,7,0,0,2,0,0
davidma02,2018,1,CHA,AL,126,434,51,99,23,0,20,62,0,0,52,165,0,7,0,3,8
davieza01,2018,1,MIL,NL,13,15,0,1,0,0,0,0,0,0,0,8,0,0,4,0,0
davisau01,2018,1,PHI,NL,32,3,0,0,0,0,0,0,0,0,0,3,0,0,0,0,0
davisch02,2018,1,BAL,AL,128,470,40,79,12,0,16,49,2,0,41,192,2,7,0,4,5
davisjd01,2018,1,HOU,AL,42,103,9,18,2,0,1,5,0,0,10,29,0,0,0,0,3
davisjo05,2018,1,TOR,AL,20,25,3,5,1,0,0,0,3,0,1,6,0,1,0,0,2
daviskh01,2018,1,OAK,AL,151,576,98,142,28,1,48,123,0,0,59,175,5,12,0,7,16
davisra01,2018,1,CLE,AL,101,196,33,44,6,1,1,6,21,7,11,48,0,4,4,1,2
davista01,2018,1,CHN,NL,5,5,0,2,0,0,0,2,0,0,0,1,0,0,0,1,0
daviswa01,2018,1,COL,NL,69,0,0,0,0,0,0,0,0,0,0,0,0,0,0,0,0
deanau01,2018,1,MIA,NL,34,113,16,25,4,0,4,14,1,0,7,22,0,2,0,0,1
deetzde01,2018,1,HOU,AL,4,0,0,0,0,0,0,0,0,0,0,0,0,0,0,0,0
degroja01,2018,1,NYN,NL,32,67,1,11,1,0,0,5,0,0,4,25,0,0,3,0,1
dejonch01,2018,1,MIN,AL,4,0,0,0,0,0,0,0,0,0,0,0,0,0,0,0,0
dejonpa01,2018,1,SLN,NL,115,436,68,105,25,1,19,68,1,1,36,123,2,12,0,5,6
delarjo01,2018,1,ARI,NL,43,1,1,0,0,0,0,0,0,0,1,0,0,0,0,0,0
delarjo01,2018,2,CHN,NL,17,0,0,0,0,0,0,0,0,0,0,0,0,0,0,0,0
delgara01,2018,1,ARI,NL,10,0,0,0,0,0,0,0,0,0,0,0,0,0,0,0,0
delmoni01,2018,1,CHA,AL,88,284,31,61,11,5,8,25,1,2,27,80,1,6,0,1,7
delosen01,2018,1,PHI,NL,7,3,0,0,0,0,0,0,0,0,0,2,0,0,2,0,0
dendema01,2018,1,NYN,NL,8,18,0,0,0,0,0,1,0,0,2,9,0,0,0,1,0
descada01,2018,1,ARI,NL,138,349,54,83,22,4,13,57,0,1,64,110,2,2,0,7,2
desclan01,2018,1,CIN,NL,21,42,3,6,0,0,1,4,0,0,0,25,0,0,4,0,0
deshide02,2018,1,TEX,AL,106,334,52,72,14,1,2,22,20,4,43,83,0,3,12,1,1
desmoia01,2018,1,COL,NL,160,555,82,131,21,8,22,88,20,6,53,146,0,6,1,4,17
despaod01,2018,1,MIA,NL,11,4,0,1,0,0,0,0,0,0,0,1,0,0,0,0,0
despaod01,2018,2,LAA,AL,8,1,0,0,0,0,0,0,0,0,0,0,0,0,0,0,0
detwiro01,2018,1,SEA,AL,1,0,0,0,0,0,0,0,0,0,0,0,0,0,0,0,0
devench02,2018,1,HOU,AL,50,0,0,0,0,0,0,0,0,0,0,0,0,0,0,0,0
deverra01,2018,1,BOS,AL,121,450,59,108,24,0,21,66,5,2,38,121,6,0,0,2,9
diazal02,2018,1,TOR,AL,130,422,55,111,26,0,18,55,3,4,23,62,2,3,0,4,9
diazed04,2018,1,SEA,AL,73,0,0,0,0,0,0,0,0,0,0,0,0,0,0,0,0
diazel01,2018,1,PIT,NL,82,252,33,72,12,0,10,34,0,1,21,40,1,1,0,3,4
diazmi02,2018,1,SDN,NL,11,0,0,0,0,0,0,0,0,0,0,0,0,0,0,0,0
diazya01,2018,1,CLE,AL,39,109,15,34,5,2,1,15,0,0,11,19,1,0,0,0,6
dickeco01,2018,1,PIT,NL,135,504,65,151,35,7,13,55,8,3,21,80,4,4,0,4,14
diekmja01,2018,1,TEX,AL,47,0,0,0,0,0,0,0,0,0,0,0,0,0,0,0,0
diekmja01,2018,2,ARI,NL,24,0,0,0,0,0,0,0,0,0,0,0,0,0,0,0,0
dietrde01,2018,1,MIA,NL,149,499,72,132,26,2,16,45,2,0,29,140,2,21,0,2,5
difowi01,2018,1,WAS,NL,148,408,55,94,14,7,7,42,10,3,39,82,5,2,3,4,8
dixonbr01,2018,1,CIN,NL,74,118,14,21,6,0,5,10,0,0,6,43,0,0,0,0,2
dominse01,2018,1,PHI,NL,53,1,0,0,0,0,0,0,0,0,1,1,0,0,0,0,0
donaljo02,2018,1,TOR,AL,36,137,22,32,11,0,5,16,2,0,21,44,2,0,0,1,1
donaljo02,2018,2,CLE,AL,16,50,8,14,3,0,3,7,0,0,10,10,0,0,0,0,2
doolise01,2018,1,WAS,NL,43,0,0,0,0,0,0,0,0,0,0,0,0,0,0,0,0
doziebr01,2018,1,MIN,AL,104,410,65,93,21,2,16,52,8,3,46,96,1,3,0,3,7
doziebr01,2018,2,LAN,NL,47,143,16,26,9,0,5,20,4,0,24,33,0,1,0,2,5
doziehu01,2018,1,KCA,AL,102,362,36,83,19,4,11,34,2,3,24,109,0,1,0,1,12
drakeol01,2018,1,MIL,NL,11,0,0,0,0,0,0,0,0,0,0,0,0,0,0,0,0
drakeol01,2018,2,CLE,AL,4,0,0,0,0,0,0,0,0,0,0,0,0,0,0,0,0
drakeol01,2018,3,LAA,AL,8,0,0,0,0,0,0,0,0,0,0,0,0,0,0,0,0
drakeol01,2018,4,TOR,AL,2,0,0,0,0,0,0,0,0,0,0,0,0,0,0,0,0
drakeol01,2018,5,MIN,AL,19,0,0,0,0,0,0,0,0,0,0,0,0,0,0,0,0
drurybr01,2018,1,NYA,AL,18,51,2,9,2,0,1,7,0,0,5,12,0,1,0,0,4
drurybr01,2018,2,TOR,AL,8,26,3,4,2,0,0,3,0,0,2,8,0,1,0,0,1
dudalu01,2018,1,KCA,AL,87,310,34,75,12,1,13,48,1,0,24,95,2,8,0,3,4
dudalu01,2018,2,ATL,NL,20,18,1,4,2,0,1,2,0,0,4,7,0,0,0,0,1
duensbr01,2018,1,CHN,NL,48,1,1,0,0,0,0,0,0,0,1,1,0,0,0,0,0
duffety01,2018,1,MIN,AL,19,0,0,0,0,0,0,0,0,0,0,0,0,0,0,0,0
duffyda01,2018,1,KCA,AL,28,2,0,0,0,0,0,0,0,0,0,2,0,0,0,0,0
duffyma01,2018,1,TBA,AL,132,503,59,148,22,1,4,44,12,6,47,93,1,7,1,2,12
duggast01,2018,1,SFN,NL,41,141,20,36,11,1,2,17,5,1,10,44,1,0,0,1,0
dukeza01,2018,1,MIN,AL,45,1,0,0,0,0,0,0,0,0,0,1,0,0,0,0,0
dukeza01,2018,2,SEA,AL,27,0,0,0,0,0,0,0,0,0,0,0,0,0,0,0,0
dullry01,2018,1,OAK,AL,28,0,0,0,0,0,0,0,0,0,0,0,0,0,0,0,0
dunnmi01,2018,1,COL,NL,25,0,0,0,0,0,0,0,0,0,0,0,0,0,0,0,0
duvalad01,2018,1,CIN,NL,105,331,40,68,19,0,15,61,2,2,34,100,3,4,0,1,8
duvalad01,2018,2,ATL,NL,33,53,8,7,1,0,0,0,0,0,3,17,0,1,0,0,1
dysonja01,2018,1,ARI,NL,67,206,29,39,4,2,2,12,16,3,27,34,2,0,3,1,3
dysonsa01,2018,1,SFN,NL,74,0,0,0,0,0,0,0,0,0,0,0,0,0,0,0,0
eatonad02,2018,1,WAS,NL,95,319,55,96,18,1,5,33,9,1,38,64,0,11,2,0,2
edwarca01,2018,1,CHN,NL,58,0,0,0,0,0,0,0,0,0,0,0,0,0,0,0,0
edwarjo02,2018,1,CLE,AL,9,0,0,0,0,0,0,0,0,0,0,0,0,0,0,0,0
eflinza01,2018,1,PHI,NL,25,44,3,4,0,0,1,1,0,0,0,31,0,0,6,0,0
eickhje01,2018,1,PHI,NL,3,1,0,0,0,0,0,0,0,0,0,1,0,0,0,0,0
eliasro01,2018,1,SEA,AL,23,2,0,1,0,0,0,0,0,0,0,1,0,0,0,0,0
ellisaj01,2018,1,SDN,NL,66,151,19,41,8,0,1,15,0,0,26,37,1,1,3,2,2
encared01,2018,1,CLE,AL,137,500,74,123,16,1,32,107,3,0,63,132,2,8,0,7,14
engelad01,2018,1,CHA,AL,143,429,49,101,17,4,6,29,16,8,18,129,0,8,7,1,1
eovalna01,2018,1,TBA,AL,11,7,1,1,0,0,0,1,0,0,0,5,0,0,0,0,0
eovalna01,2018,2,BOS,AL,12,2,1,0,0,0,0,0,0,0,1,2,0,0,0,0,0
erlinro01,2018,1,SDN,NL,40,23,1,5,0,0,0,0,0,0,1,11,0,0,3,0,0
ervinph01,2018,1,CIN,NL,78,218,27,55,10,1,7,31,6,1,20,60,1,5,0,4,5
escobal02,2018,1,KCA,AL,140,485,54,112,22,3,4,34,8,2,29,74,1,5,8,4,14
escobed01,2018,1,MIN,AL,97,368,45,101,37,3,15,63,1,3,34,91,6,3,0,3,7
escobed01,2018,2,ARI,NL,54,198,30,53,11,0,8,21,1,1,18,35,2,2,0,5,5
estrama01,2018,1,TOR,AL,28,1,0,0,0,0,0,0,0,0,0,1,0,0,0,0,0
evansph01,2018,1,NYN,NL,15,21,1,3,0,0,0,1,1,0,2,8,0,0,0,0,1
familje01,2018,1,NYN,NL,40,0,0,0,0,0,0,0,0,0,0,0,0,0,0,0,0
familje01,2018,2,OAK,AL,30,0,0,0,0,0,0,0,0,0,0,0,0,0,0,0,0
fariaja01,2018,1,TBA,AL,17,0,0,0,0,0,0,0,0,0,0,0,0,0,0,0,0
farmebu01,2018,1,DET,AL,66,0,0,0,0,0,0,0,0,0,0,0,0,0,0,0,0
farmeky01,2018,1,LAN,NL,39,68,1,16,4,1,0,9,0,0,5,15,1,3,0,1,1
farquda01,2018,1,CHA,AL,8,0,0,0,0,0,0,0,0,0,0,0,0,0,0,0,0
farrelu01,2018,1,CHN,NL,20,4,0,0,0,0,0,0,0,0,0,3,0,0,1,0,0
feddeer01,2018,1,WAS,NL,11,16,1,1,0,0,0,0,0,0,1,5,0,0,0,0,1
federti01,2018,1,HOU,AL,10,34,4,7,3,0,0,2,0,0,1,13,0,0,0,0,1
federti01,2018,2,CIN,NL,5,6,1,2,1,0,1,2,0,0,1,3,0,0,0,0,0
felizmi01,2018,1,PIT,NL,47,2,0,0,0,0,0,0,0,0,0,1,0,0,0,0,0
ferguca01,2018,1,LAN,NL,30,5,0,1,0,0,0,0,0,0,0,3,0,0,0,0,1
fernajo03,2018,1,LAA,AL,36,116,9,31,8,0,2,11,1,0,6,15,0,1,0,0,2
fernajo04,2018,1,TOR,AL,13,0,0,0,0,0,0,0,0,0,0,0,0,0,0,0,0
festama01,2018,1,SEA,AL,8,0,0,0,0,0,0,0,0,0,0,0,0,0,0,0,0
fieldjo03,2018,1,LAN,NL,45,0,0,0,0,0,0,0,0,0,0,0,0,0,0,0,0
fieldjo04,2018,1,TBA,AL,63,169,20,36,9,0,6,14,4,0,7,58,0,2,1,0,3
fieldjo04,2018,2,MIN,AL,21,52,8,13,4,0,3,7,0,0,0,14,0,1,0,1,0
fiersmi01,2018,1,DET,AL,21,0,0,0,0,0,0,0,0,0,0,0,0,0,0,0,0
fiersmi01,2018,2,OAK,AL,10,0,0,0,0,0,0,0,0,0,0,0,0,0,0,0,0
fillmhe01,2018,1,KCA,AL,17,4,0,1,1,0,0,1,0,0,0,3,0,0,1,0,0
finnebr01,2018,1,CIN,NL,5,7,0,0,0,0,0,0,0,0,0,1,0,0,0,0,0
fishede01,2018,1,HOU,AL,42,79,13,13,2,2,4,11,2,0,5,42,0,0,0,2,0
fistedo01,2018,1,TEX,AL,12,0,0,0,0,0,0,0,0,0,0,0,0,0,0,0,0
flaheja01,2018,1,SLN,NL,31,46,2,7,0,0,0,0,0,0,2,20,0,0,4,0,0
flahery01,2018,1,ATL,NL,81,161,17,35,6,0,2,13,4,2,18,41,4,1,1,1,5
fletcda02,2018,1,LAA,AL,80,284,35,78,18,2,1,25,3,0,15,34,0,3,3,2,7
flexech01,2018,1,NYN,NL,4,0,0,0,0,0,0,0,0,0,0,0,0,0,0,0,0
florewi01,2018,1,NYN,NL,126,386,43,103,25,0,11,51,0,0,29,42,1,5,0,9,8
floripe01,2018,1,PHI,NL,50,71,13,16,6,1,2,5,1,2,5,30,0,0,0,0,0
florody01,2018,1,CIN,NL,25,4,0,0,0,0,0,0,0,0,0,2,0,0,1,0,0
florody01,2018,2,LAN,NL,29,0,0,0,0,0,0,0,0,0,0,0,0,0,0,0,0
flowety01,2018,1,ATL,NL,82,251,34,57,9,0,8,30,0,0,35,76,0,9,0,1,6
flynnbr01,2018,1,KCA,AL,48,1,0,0,0,0,0,0,0,0,0,0,0,0,0,0,0
foltymi01,2018,1,ATL,NL,31,58,3,3,1,0,0,4,0,0,0,41,0,0,8,0,0
fontano01,2018,1,LAA,AL,8,11,1,1,0,0,1,1,0,0,1,6,0,0,0,0,0
fontwi01,2018,1,LAN,NL,6,0,0,0,0,0,0,0,0,0,0,0,0,0,2,0,0
fontwi01,2018,2,OAK,AL,4,0,0,0,0,0,0,0,0,0,0,0,0,0,0,0,0
fontwi01,2018,3,TBA,AL,9,0,0,0,0,0,0,0,0,0,0,0,0,0,0,0,0
forsylo01,2018,1,LAN,NL,70,193,18,40,10,0,2,13,2,0,17,43,1,0,0,1,5
forsylo01,2018,2,MIN,AL,50,178,19,46,6,0,0,14,1,0,24,40,0,3,0,0,5
fowlede01,2018,1,SLN,NL,90,289,40,52,10,0,8,31,5,2,38,75,0,3,0,4,2
fowledu01,2018,1,OAK,AL,69,192,19,43,3,2,6,23,6,4,8,47,0,1,0,2,2
francma02,2018,1,PHI,NL,131,433,48,117,17,1,22,68,1,0,29,62,7,0,0,3,15
frankni01,2018,1,MIL,NL,1,2,0,0,0,0,0,0,0,0,0,0,0,0,0,0,0
frareca01,2018,1,CHA,AL,11,0,0,0,0,0,0,0,0,0,0,0,0,0,0,0,0
fraziad01,2018,1,PIT,NL,113,318,52,88,23,2,10,35,1,3,29,53,2,3,1,1,3
frazicl01,2018,1,NYA,AL,15,34,9,9,3,0,0,1,0,0,5,13,0,2,0,0,3
frazito01,2018,1,NYN,NL,115,408,54,87,18,0,18,59,9,4,48,112,1,8,0,8,10
freelky01,2018,1,COL,NL,33,65,5,6,2,0,0,2,0,0,2,40,0,0,4,0,0
freemfr01,2018,1,ATL,NL,162,618,94,191,44,4,23,98,10,3,76,132,12,7,0,6,11
freemmi01,2018,1,CHN,NL,1,0,0,0,0,0,0,0,0,0,0,0,0,0,1,0,0
freemsa01,2018,1,ATL,NL,63,1,0,0,0,0,0,0,0,0,0,1,0,0,0,0,0
freesda01,2018,1,PIT,NL,94,241,29,68,10,1,9,42,0,0,18,56,1,3,0,3,10
freesda01,2018,2,LAN,NL,19,39,9,15,2,1,2,9,0,0,6,16,0,2,0,0,0
freitda01,2018,1,SEA,AL,36,93,9,20,6,0,1,5,0,0,8,25,0,0,1,0,2
friedma01,2018,1,ATL,NL,14,8,1,1,0,0,0,0,0,0,0,3,0,0,0,0,0
fryja01,2018,1,CHA,AL,59,0,0,0,0,0,0,0,0,0,0,0,0,0,0,0,0
frypa01,2018,1,BAL,AL,35,0,0,0,0,0,0,0,0,0,0,0,0,0,0,0,0
fulmeca01,2018,1,CHA,AL,9,0,0,0,0,0,0,0,0,0,0,0,0,0,0,0,0
fulmemi01,2018,1,DET,AL,24,6,0,0,0,0,0,0,0,0,0,4,0,0,1,0,1
gagnodr01,2018,1,NYN,NL,5,1,0,0,0,0,0,1,0,0,0,0,0,0,0,1,0
galero01,2018,1,LAN,NL,3,2,0,0,0,0,0,0,0,0,0,1,0,0,0,0,0
gallaca01,2018,1,KCA,AL,22,63,5,13,3,0,1,7,0,0,3,15,0,1,1,1,1
gallayo01,2018,1,CIN,NL,3,0,0,0,0,0,0,0,0,0,0,0,0,0,0,0,0
gallayo01,2018,2,TEX,AL,18,1,0,0,0,0,0,0,0,0,0,0,0,0,1,0,0
gallegi01,2018,1,NYA,AL,4,1,0,0,0,0,0,0,0,0,0,0,0,0,0,0,0
gallegi01,2018,2,SLN,NL,2,0,0,0,0,0,0,0,0,0,0,0,0,0,0,0,0
gallois01,2018,1,MIA,NL,43,64,7,13,3,0,3,7,1,1,9,21,0,0,1,0,0
gallojo01,2018,1,TEX,AL,148,500,82,103,24,1,40,92,3,4,74,207,4,3,0,0,3
galvifr01,2018,1,SDN,NL,162,602,62,149,31,5,13,67,8,6,45,147,2,2,1,6,8
gamelbe01,2018,1,SEA,AL,101,257,37,70,14,4,1,19,7,3,31,61,1,4,0,1,4
gantjo01,2018,1,SLN,NL,28,31,2,2,0,0,2,3,0,0,0,14,0,0,3,0,0
garciad02,2018,1,SLN,NL,21,17,3,2,1,0,0,1,0,0,0,7,0,0,0,0,0
garciar01,2018,1,SFN,NL,19,63,8,18,1,0,4,9,0,0,2,31,0,0,0,0,1
garciav01,2018,1,CHA,AL,93,356,47,84,11,2,19,49,3,1,20,102,2,4,0,5,9
garcigr01,2018,1,SLN,NL,114,181,15,40,6,0,3,15,3,1,20,37,1,4,1,2,3
garcija01,2018,1,OAK,AL,26,0,0,0,0,0,0,0,0,0,0,0,0,0,0,0,0
garcija02,2018,1,TOR,AL,25,4,0,0,0,0,0,0,0,0,0,4,0,0,0,0,0
garcija02,2018,2,CHN,NL,8,0,0,0,0,0,0,0,0,0,0,0,0,0,0,0,0
garcija04,2018,1,MIA,NL,29,9,0,0,0,0,0,0,0,0,1,7,0,0,1,0,0
garcile02,2018,1,CHA,AL,82,258,23,70,7,4,4,32,12,1,9,69,0,3,4,1,2
garcilu03,2018,1,PHI,NL,59,0,0,0,0,0,0,0,0,0,0,0,0,0,0,0,0
garciyi01,2018,1,LAN,NL,25,0,0,0,0,0,0,0,0,0,0,0,0,0,0,0,0
gardeni01,2018,1,TEX,AL,3,0,0,0,0,0,0,0,0,0,0,0,0,0,0,0,0
gardnbr01,2018,1,NYA,AL,140,530,95,125,20,7,12,45,16,2,65,107,0,5,4,5,6
garnedu01,2018,1,CHA,AL,1,2,0,1,0,0,0,1,0,0,1,0,0,0,0,0,0
garream01,2018,1,CIN,NL,66,2,0,0,0,0,0,0,0,0,0,1,0,0,0,0,0
garvemi01,2018,1,MIN,AL,103,302,38,81,19,2,7,45,0,0,29,72,2,2,1,1,8
gattiev01,2018,1,HOU,AL,128,407,49,92,17,0,25,78,1,0,33,101,2,3,0,8,13
gausmke01,2018,1,BAL,AL,21,2,0,0,0,0,0,0,0,0,0,2,0,0,0,0,0
gausmke01,2018,2,ATL,NL,11,19,0,1,0,0,0,0,0,0,4,9,0,0,0,0,0
gavigsa01,2018,1,TOR,AL,26,3,0,1,1,0,0,0,0,0,0,1,0,0,0,0,0
gearrco01,2018,1,SFN,NL,35,0,0,0,0,0,0,0,0,0,0,0,0,0,0,0,0
gearrco01,2018,2,TEX,AL,21,0,0,0,0,0,0,0,0,0,0,0,0,0,0,0,0
gearrco01,2018,3,OAK,AL,6,0,0,0,0,0,0,0,0,0,0,0,0,0,0,0,0
gennesc01,2018,1,CIN,NL,154,584,86,181,30,3,23,92,4,2,42,125,3,4,3,5,14
gentrcr01,2018,1,BAL,AL,68,156,13,42,5,2,1,11,12,3,11,31,0,1,1,0,2
gerbemi01,2018,1,DET,AL,18,42,2,4,1,0,0,2,0,0,4,21,0,0,0,1,1
germado01,2018,1,NYA,AL,21,1,0,0,0,0,0,0,0,0,1,1,0,0,0,0,0
gibsoky01,2018,1,MIN,AL,32,2,2,2,0,0,0,0,0,0,0,0,0,0,0,0,0
gileske01,2018,1,HOU,AL,34,0,0,0,0,0,0,0,0,0,0,0,0,0,0,0,0
gileske01,2018,2,TOR,AL,21,0,0,0,0,0,0,0,0,0,0,0,0,0,0,0,0
gilmase01,2018,1,BAL,AL,12,0,0,0,0,0,0,0,0,0,0,0,0,0,0,0,0
gimench01,2018,1,CHN,NL,12,28,1,4,0,0,0,1,1,0,3,7,0,0,0,1,1
gimench01,2018,2,MIN,AL,13,29,6,8,1,0,2,6,0,0,3,9,0,1,0,1,1
giolilu01,2018,1,CHA,AL,32,6,0,0,0,0,0,0,0,0,0,4,0,0,0,0,0
givenmy01,2018,1,BAL,AL,69,0,0,0,0,0,0,0,0,0,0,0,0,0,0,0,0
glasnty01,2018,1,PIT,NL,34,3,0,0,0,0,0,0,0,0,0,3,0,0,0,0,0
glasnty01,2018,2,TBA,AL,11,0,0,0,0,0,0,0,0,0,0,0,0,0,0,0,0
gloveko01,2018,1,WAS,NL,22,0,0,0,0,0,0,0,0,0,0,0,0,0,0,0,0
godleza01,2018,1,ARI,NL,33,53,1,3,0,0,0,1,0,0,4,30,0,0,8,0,0
goedder01,2018,1,SEA,AL,5,0,0,0,0,0,0,0,0,0,0,0,0,0,0,0,0
goedder01,2018,2,LAN,NL,26,0,0,0,0,0,0,0,0,0,0,0,0,0,0,0,0
goharlu01,2018,1,ATL,NL,9,2,0,0,0,0,0,0,0,0,0,2,0,0,0,0,0
goinsry01,2018,1,KCA,AL,41,115,10,26,8,1,0,6,0,0,4,29,0,0,1,0,2
goldspa01,2018,1,ARI,NL,158,593,95,172,35,5,33,83,7,4,90,173,11,6,0,0,7
gombeau01,2018,1,SLN,NL,29,19,1,4,1,0,0,4,0,0,0,3,0,0,2,0,0
gomesya01,2018,1,CLE,AL,112,403,52,107,26,0,16,48,0,0,21,119,2,8,0,3,4
gomezca01,2018,1,TBA,AL,118,360,42,75,15,2,9,32,12,3,25,103,0,21,2,0,6
gomezje01,2018,1,CHA,AL,26,0,0,0,0,0,0,0,0,0,0,0,0,0,0,0,0
gomezmi01,2018,1,SFN,NL,9,15,3,4,0,0,0,1,0,0,0,5,0,0,0,0,0
gomezro01,2018,1,SFN,NL,5,2,0,0,0,0,0,0,0,0,0,2,0,0,0,0,0
gonsast01,2018,1,MIN,AL,7,0,0,0,0,0,0,0,0,0,0,0,0,0,0,0,0
gonzaad01,2018,1,NYN,NL,54,169,15,40,5,0,6,26,0,0,15,34,3,1,0,2,5
gonzaal04,2018,1,CHA,AL,3,9,0,1,0,0,0,1,0,0,0,4,0,0,0,0,0
gonzaca01,2018,1,COL,NL,132,463,71,128,32,4,16,64,5,2,37,113,4,1,0,3,5
gonzaer01,2018,1,CLE,AL,81,136,17,36,10,1,1,16,3,0,5,34,0,2,0,0,0
gonzagi01,2018,1,WAS,NL,27,44,1,3,1,0,0,0,0,0,0,27,0,0,3,0,0
gonzagi01,2018,2,MIL,NL,5,7,2,1,0,0,0,1,0,0,1,4,0,0,0,0,0
gonzama01,2018,1,HOU,AL,145,489,61,121,25,3,16,68,2,3,53,126,3,3,5,2,14
gonzama02,2018,1,SEA,AL,29,2,0,0,0,0,0,0,0,0,0,2,0,0,1,0,0
gonzame01,2018,1,MIA,NL,8,4,0,1,0,0,0,0,0,0,0,2,0,0,0,0,0
gonzami03,2018,1,CHA,AL,3,0,0,0,0,0,0,0,0,0,0,0,0,0,0,0,0
goodrni01,2018,1,DET,AL,131,444,55,109,29,3,16,53,12,4,42,132,1,4,0,2,9
goodwbr01,2018,1,WAS,NL,48,65,9,13,1,0,3,12,3,1,10,26,0,2,1,1,0
goodwbr01,2018,2,KCA,AL,27,94,11,25,5,0,3,13,1,1,6,31,0,1,0,0,0
goodyni01,2018,1,CLE,AL,12,0,0,0,0,0,0,0,0,0,0,0,0,0,0,0,0
gordoal01,2018,1,KCA,AL,141,506,56,124,24,0,13,54,12,2,50,124,4,10,0,2,7
gordode01,2018,1,SEA,AL,141,556,62,149,17,8,4,36,30,12,9,80,0,9,9,5,10
gorete01,2018,1,CHN,NL,14,5,5,1,0,0,0,0,6,0,0,1,0,0,0,0,0
gosseda01,2018,1,OAK,AL,5,0,0,0,0,0,0,0,0,0,0,0,0,0,0,0,0
gosseph01,2018,1,CIN,NL,20,24,5,3,0,0,1,2,0,0,4,8,1,0,0,0,1
gotttr01,2018,1,WAS,NL,20,0,0,0,0,0,0,0,0,0,0,0,0,0,0,0,0
gourryu01,2018,1,HOU,AL,136,537,70,156,33,1,13,85,5,1,23,63,0,6,0,7,22
gracema02,2018,1,WAS,NL,56,3,0,1,0,0,0,0,0,0,0,0,0,0,0,0,0
grandcu01,2018,1,TOR,AL,104,302,48,74,21,1,11,35,2,1,42,96,1,3,1,1,3
grandcu01,2018,2,MIL,NL,19,41,12,9,1,1,2,3,0,0,12,10,0,1,0,0,0
grandya01,2018,1,LAN,NL,140,440,65,106,23,2,24,68,2,1,72,124,1,3,0,3,12
grateju01,2018,1,LAA,AL,1,1,0,1,0,0,0,0,0,0,0,0,0,0,0,0,0
grateju01,2018,2,MIN,AL,3,7,2,1,0,0,0,0,0,0,1,0,0,0,0,0,0
gravebr01,2018,1,MIA,NL,21,2,0,0,0,0,0,0,0,0,0,1,0,0,0,0,0
graveke01,2018,1,OAK,AL,7,0,0,0,0,0,0,0,0,0,0,0,0,0,0,0,0
grayjo02,2018,1,COL,NL,31,52,2,4,2,0,0,2,0,0,3,30,0,0,6,0,0
grayso01,2018,1,NYA,AL,30,2,1,0,0,0,0,0,0,0,0,0,0,0,0,0,0
greench03,2018,1,NYA,AL,63,0,0,0,0,0,0,0,0,0,0,0,0,0,0,0,0
greensh02,2018,1,DET,AL,66,0,0,0,0,0,0,0,0,0,0,0,0,0,0,0,0
gregelu01,2018,1,SLN,NL,17,0,0,0,0,0,0,0,0,0,0,0,0,0,0,0,0
gregodi01,2018,1,NYA,AL,134,504,89,135,23,5,27,86,10,6,48,69,3,7,1,9,8
greingr01,2018,1,DET,AL,30,96,9,21,6,0,0,12,0,1,17,32,0,0,0,3,0
greinza01,2018,1,ARI,NL,34,64,6,15,4,0,0,5,3,0,3,16,0,0,4,0,3
grichra01,2018,1,TOR,AL,124,424,60,104,32,1,25,61,3,2,27,122,0,8,0,3,5
grimmju01,2018,1,KCA,AL,16,0,0,0,0,0,0,0,0,0,0,0,0,0,0,0,0
grimmju01,2018,2,SEA,AL,5,0,0,0,0,0,0,0,0,0,0,0,0,0,0,0,0
grossro01,2018,1,MIN,AL,129,396,50,108,27,1,5,48,0,1,60,83,0,2,2,5,2
gsellro01,2018,1,NYN,NL,68,3,1,0,0,0,0,0,0,0,0,2,0,1,0,0,0
guduare01,2018,1,HOU,AL,3,0,0,0,0,0,0,0,0,0,0,0,0,0,0,0,0
guerrga01,2018,1,CIN,NL,14,18,1,3,0,0,1,1,0,0,0,8,0,0,0,0,0
guerrja01,2018,1,MIA,NL,32,0,0,0,0,0,0,0,0,0,0,0,0,0,0,0,0
guerrja02,2018,1,SDN,NL,13,16,2,2,0,0,0,1,0,0,3,9,0,0,0,0,0
guerrju02,2018,1,MIL,NL,31,35,2,4,3,0,0,0,0,0,0,13,0,0,2,0,0
guerrta01,2018,1,MIA,NL,60,0,0,0,0,0,0,0,0,0,0,0,0,0,0,0,0
guerrta02,2018,1,TOR,AL,9,0,0,0,0,0,0,0,0,0,0,0,0,0,0,0,0
guilllu01,2018,1,NYN,NL,35,67,4,14,2,0,0,5,1,0,7,3,0,0,0,0,1
guilmpr01,2018,1,SLN,NL,2,0,0,0,0,0,0,0,0,0,0,0,0,0,0,0,0
guilmpr01,2018,2,TOR,AL,6,0,0,0,0,0,0,0,0,0,0,0,0,0,0,0,0
gurrilo01,2018,1,TOR,AL,65,249,30,70,8,0,11,35,1,2,9,59,1,2,1,2,2
guyerbr01,2018,1,CLE,AL,104,194,25,40,11,0,7,27,1,1,15,48,0,11,1,0,5
guzmaro01,2018,1,TEX,AL,123,387,46,91,18,2,16,58,1,0,33,121,2,7,0,1,8
gyorkje01,2018,1,SLN,NL,125,351,49,92,19,1,11,47,2,0,44,77,0,3,0,4,12
haaseer01,2018,1,CLE,AL,9,16,0,2,0,0,0,1,0,0,0,6,0,1,0,0,1
haderjo01,2018,1,MIL,NL,55,2,1,1,0,0,0,0,0,0,0,1,0,0,0,0,0
haleda02,2018,1,NYA,AL,1,0,0,0,0,0,0,0,0,0,0,0,0,0,0,0,0
haleda02,2018,2,MIN,AL,1,0,0,0,0,0,0,0,0,0,0,0,0,0,0,0,0
haleda02,2018,3,NYA,AL,2,0,0,0,0,0,0,0,0,0,0,0,0,0,0,0,0
haleyju01,2018,1,BOS,AL,4,0,0,0,0,0,0,0,0,0,0,0,0,0,0,0,0
hallma02,2018,1,DET,AL,5,0,0,0,0,0,0,0,0,0,0,0,0,0,0,0,0
hamelco01,2018,1,TEX,AL,20,2,0,0,0,0,0,0,0,0,0,0,0,0,0,0,0
hamelco01,2018,2,CHN,NL,12,23,1,3,0,0,1,1,0,0,1,12,0,0,1,0,0
hamilbi02,2018,1,CIN,NL,153,504,74,119,16,9,4,29,34,10,46,132,0,1,1,4,1
hamilia01,2018,1,CHA,AL,10,0,0,0,0,0,0,0,0,0,0,0,0,0,0,0,0
hammeja01,2018,1,KCA,AL,39,3,0,0,0,0,0,0,0,0,0,2,0,0,0,0,0
hampsga01,2018,1,COL,NL,24,40,3,11,3,1,0,4,2,0,7,12,0,1,0,0,0
hancoju01,2018,1,CHN,NL,10,2,0,0,0,0,0,0,0,0,0,2,0,0,0,0,0
handbr01,2018,1,SDN,NL,41,1,0,0,0,0,0,0,0,0,0,0,0,0,0,0,0
handbr01,2018,2,CLE,AL,28,0,0,0,0,0,0,0,0,0,0,0,0,0,0,0,0
hanhoer01,2018,1,NYN,NL,3,0,0,0,0,0,0,0,0,0,0,0,0,0,0,0,0
hanigmi01,2018,1,SEA,AL,157,596,90,170,38,4,26,93,8,2,70,148,4,10,0,7,8
hansoal01,2018,1,SFN,NL,110,294,36,74,17,5,8,39,7,3,9,71,0,1,3,3,4
happia01,2018,1,CHN,NL,142,387,56,90,19,2,15,44,8,4,70,167,9,3,0,2,6
happja01,2018,1,TOR,AL,20,6,2,2,0,0,0,0,0,0,1,3,0,0,0,0,0
happja01,2018,2,NYA,AL,11,0,0,0,0,0,0,0,0,0,0,0,0,0,0,0,0
hardybl01,2018,1,DET,AL,30,0,0,0,0,0,0,0,0,0,0,0,0,0,0,0,0
harpebr03,2018,1,WAS,NL,159,550,103,137,34,0,34,100,13,3,130,169,16,6,0,9,7
harrijo05,2018,1,PIT,NL,97,344,41,86,13,1,8,37,3,0,18,68,1,5,2,5,8
harriwi02,2018,1,HOU,AL,61,0,0,0,0,0,0,0,0,0,0,0,0,0,0,0,0
hartdo01,2018,1,BAL,AL,20,0,0,0,0,0,0,0,0,0,0,0,0,0,0,0,0
harvema01,2018,1,NYN,NL,8,7,0,2,0,0,0,0,0,0,0,2,0,0,0,0,1
harvema01,2018,2,CIN,NL,24,46,1,2,0,0,0,1,0,0,2,17,0,0,2,0,1
hatchch02,2018,1,OAK,AL,34,0,0,0,0,0,0,0,0,0,0,0,0,0,0,0,0
hauscmi01,2018,1,TOR,AL,2,0,0,0,0,0,0,0,0,0,0,0,0,0,0,0,0
headlch01,2018,1,SDN,NL,27,52,2,6,1,0,0,4,0,0,6,20,0,2,0,0,3
healyry01,2018,1,SEA,AL,133,493,51,116,15,0,24,73,0,0,27,113,0,2,0,2,21
heanean01,2018,1,LAA,AL,30,8,1,1,0,0,0,0,0,0,0,6,0,0,0,0,0
hechaad01,2018,1,TBA,AL,61,217,29,56,7,0,3,26,1,0,12,37,1,0,2,6,4
hechaad01,2018,2,PIT,NL,15,43,2,10,4,0,1,3,0,0,3,11,1,0,0,1,3
hechaad01,2018,3,NYA,AL,18,36,3,7,0,0,2,2,1,0,1,10,0,0,0,0,0
hedgeau01,2018,1,SDN,NL,91,303,29,70,14,2,14,37,3,0,21,90,3,1,0,1,9
hellije01,2018,1,WAS,NL,19,32,0,2,1,0,0,1,0,0,0,13,0,0,3,0,0
hembrhe01,2018,1,BOS,AL,67,1,0,0,0,0,0,0,0,0,0,1,0,0,0,0,0
hendrky01,2018,1,CHN,NL,33,60,1,4,1,0,0,1,0,0,2,31,0,0,4,0,0
hendrli01,2018,1,OAK,AL,25,0,0,0,0,0,0,0,0,0,0,0,0,0,0,0,0
heredgu01,2018,1,SEA,AL,125,292,29,69,14,1,5,19,2,4,32,52,0,4,7,2,4
hermomi01,2018,1,LAA,AL,31,57,7,12,4,0,1,1,0,1,3,17,0,2,0,0,0
hernace02,2018,1,PHI,NL,161,605,91,153,15,3,15,60,19,6,95,155,4,4,1,3,12
hernada01,2018,1,CIN,NL,57,1,0,0,0,0,0,0,0,0,0,0,0,0,0,0,0
hernael01,2018,1,MIA,NL,32,11,0,0,0,0,0,0,0,0,0,7,0,0,0,0,0
hernaen02,2018,1,LAN,NL,145,402,67,103,17,3,21,52,3,0,50,78,5,1,4,5,3
hernafe02,2018,1,SEA,AL,29,4,0,0,0,0,0,0,0,0,0,0,0,0,0,0,2
hernago01,2018,1,SFN,NL,142,414,52,97,16,2,15,40,8,5,27,113,1,4,2,4,14
hernate01,2018,1,TOR,AL,134,476,67,114,29,7,22,57,5,5,41,163,0,3,0,3,14
herredi01,2018,1,CIN,NL,53,87,11,16,5,0,5,11,0,0,8,39,0,2,0,0,0
herreke01,2018,1,KCA,AL,27,0,0,0,0,0,0,0,0,0,0,0,0,0,0,0,0
herreke01,2018,2,WAS,NL,21,0,0,0,0,0,0,0,0,0,0,0,0,0,0,0,0
herreod01,2018,1,PHI,NL,148,550,64,140,19,3,22,71,5,2,38,122,3,7,1,1,11
herrero02,2018,1,CIN,NL,11,13,0,2,0,0,0,0,0,1,0,5,0,0,0,0,0
herrero02,2018,2,KCA,AL,75,265,25,63,14,3,1,20,3,4,19,52,0,2,1,2,6
herrmch01,2018,1,SEA,AL,36,76,6,18,4,2,2,7,0,0,10,24,0,0,0,1,0
hessda01,2018,1,BAL,AL,21,2,2,0,0,0,0,0,0,0,1,0,0,0,0,0,0
heywaja01,2018,1,CHN,NL,127,440,67,119,23,4,8,57,1,1,42,60,1,2,2,2,7
hicksaa01,2018,1,NYA,AL,137,480,90,119,18,3,27,79,11,2,90,111,1,3,2,6,1
hicksjo02,2018,1,DET,AL,81,288,35,75,12,1,9,32,0,1,22,84,0,0,1,1,9
hicksjo03,2018,1,SLN,NL,73,1,0,0,0,0,0,0,0,0,0,1,0,0,0,0,0
higasky01,2018,1,NYA,AL,29,72,6,12,2,0,3,6,0,0,6,16,0,1,0,0,2
hildetr01,2018,1,MIN,AL,73,0,0,0,0,0,0,0,0,0,0,0,0,0,0,0,0
hillri01,2018,1,LAN,NL,25,43,2,4,0,0,0,2,0,0,0,15,0,0,2,0,1
hillti01,2018,1,KCA,AL,70,1,0,0,0,0,0,0,0,0,0,1,0,0,0,0,0
hiranyo01,2018,1,ARI,NL,75,1,0,0,0,0,0,0,0,0,0,0,0,0,0,0,0
hoffmje02,2018,1,COL,NL,6,0,0,0,0,0,0,0,0,0,0,0,0,0,1,0,0
holadbr01,2018,1,MIA,NL,61,151,7,31,5,0,1,16,0,0,10,29,2,2,1,2,4
holdejo02,2018,1,NYA,AL,60,0,0,0,0,0,0,0,0,0,0,0,0,0,0,0,0
hollade01,2018,1,SFN,NL,37,53,2,3,1,0,0,0,0,0,1,33,0,0,2,0,1
hollagr01,2018,1,SLN,NL,32,0,0,0,0,0,0,0,0,0,0,0,0,0,0,0,0
hollagr01,2018,2,WAS,NL,24,0,0,0,0,0,0,0,0,0,0,0,0,0,0,0,0
hollima01,2018,1,COL,NL,25,53,3,15,2,0,2,3,0,0,12,18,0,0,0,0,0
holmecl01,2018,1,PIT,NL,11,6,1,0,0,0,0,0,0,0,0,2,0,0,0,0,0
holtbr01,2018,1,BOS,AL,109,321,41,89,18,2,7,46,7,7,37,73,2,7,0,2,7
hoovejj01,2018,1,MIL,NL,2,0,0,0,0,0,0,0,0,0,0,0,0,0,0,0,0
hoskirh01,2018,1,PHI,NL,153,558,89,137,38,0,34,96,5,3,87,150,2,9,0,5,7
hosmeer01,2018,1,SDN,NL,157,613,72,155,31,2,18,69,7,4,62,142,10,1,0,1,18
housead01,2018,1,MIL,NL,7,0,0,0,0,0,0,0,0,0,0,0,0,0,0,0,0
howarsa01,2018,1,COL,NL,4,0,0,0,0,0,0,0,0,0,0,0,0,0,0,0,0
hoytja01,2018,1,HOU,AL,1,0,0,0,0,0,0,0,0,0,0,0,0,0,0,0,0
huch02,2018,1,TBA,AL,5,0,0,0,0,0,0,0,0,0,0,0,0,0,0,0,0
hudsoda01,2018,1,LAN,NL,40,2,0,0,0,0,0,0,0,0,0,1,0,0,0,0,0
hudsoda02,2018,1,SLN,NL,26,1,0,0,0,0,0,0,0,0,0,0,0,0,0,0,0
hudsojo03,2018,1,LAA,AL,8,12,0,2,1,0,0,1,0,0,0,0,0,0,0,0,0
hugheja02,2018,1,CIN,NL,72,0,0,0,0,0,0,0,0,0,0,0,0,0,0,0,0
hugheph01,2018,1,MIN,AL,7,0,0,0,0,0,0,0,0,0,0,0,0,0,0,0,0
hugheph01,2018,2,SDN,NL,16,1,0,0,0,0,0,0,0,0,0,0,0,0,0,0,0
hundlni01,2018,1,SFN,NL,96,282,34,68,13,2,10,31,2,1,22,85,2,1,0,0,8
hunteto02,2018,1,PHI,NL,65,1,0,0,0,0,0,0,0,0,0,0,0,0,0,0,0
hutchdr01,2018,1,PHI,NL,11,3,0,1,0,0,0,0,0,0,1,1,0,0,0,0,0
hutchdr01,2018,2,TEX,AL,5,1,0,0,0,0,0,0,0,0,0,1,0,0,0,0,0
iannech01,2018,1,COL,NL,110,299,36,67,13,1,11,36,0,0,50,87,5,7,1,3,13
iglesjo01,2018,1,DET,AL,125,432,43,116,31,3,5,48,15,6,19,47,0,8,3,2,11
iglesra01,2018,1,CIN,NL,66,3,0,0,0,0,0,0,0,0,0,1,0,0,0,0,0
inciaen01,2018,1,ATL,NL,156,597,83,158,27,6,10,61,28,14,49,86,1,6,4,4,6
infangr01,2018,1,CHA,AL,10,0,0,0,0,0,0,0,0,0,0,0,0,0,0,0,0
jacksau01,2018,1,SFN,NL,59,149,12,36,8,0,0,13,2,1,14,59,2,1,0,1,4
jacksau01,2018,2,NYN,NL,57,198,17,49,9,1,3,19,1,2,12,74,0,0,0,0,4
jacksed01,2018,1,OAK,AL,17,2,0,0,0,0,0,0,0,0,0,0,0,0,0,0,0
jackslu01,2018,1,ATL,NL,35,1,1,0,0,0,0,0,0,0,1,0,0,0,1,0,1
jamesjo02,2018,1,HOU,AL,6,0,0,0,0,0,0,0,0,0,0,0,0,0,0,0,0
jankotr01,2018,1,SDN,NL,117,347,45,90,12,3,4,17,24,7,37,73,0,1,2,0,7
janseda01,2018,1,TOR,AL,31,81,12,20,6,0,3,8,0,0,9,17,0,4,0,1,1
janseke01,2018,1,LAN,NL,69,0,0,0,0,0,0,0,0,0,0,0,0,0,0,0,0
jayjo02,2018,1,KCA,AL,59,238,28,73,9,2,1,18,3,2,19,39,0,3,4,2,4
jayjo02,2018,2,ARI,NL,84,289,46,68,10,5,2,22,1,1,14,56,0,15,1,1,7
jeffrje01,2018,1,MIL,NL,73,0,0,0,0,0,0,0,0,0,0,0,0,0,0,0,0
jennida01,2018,1,MIL,NL,72,3,1,2,1,0,0,0,0,0,0,1,0,0,0,0,0
jepseke01,2018,1,TEX,AL,21,0,0,0,0,0,0,0,0,0,0,0,0,0,0,0,0
jerezwi01,2018,1,LAA,AL,17,0,0,0,0,0,0,0,0,0,0,0,0,0,0,0,0
jewelja01,2018,1,LAA,AL,3,0,0,0,0,0,0,0,0,0,0,0,0,0,0,0,0
jimenjo02,2018,1,DET,AL,68,0,0,0,0,0,0,0,0,0,0,0,0,0,0,0,0
johnsbr02,2018,1,BOS,AL,38,4,1,1,0,0,0,0,0,0,0,1,0,0,0,0,0
johnsdj01,2018,1,COL,NL,7,0,0,0,0,0,0,0,0,0,0,0,0,0,0,0,0
johnsji04,2018,1,LAA,AL,62,0,0,0,0,0,0,0,0,0,0,0,0,0,0,0,0
johnspi01,2018,1,SFN,NL,37,1,0,0,0,0,0,0,0,0,0,0,0,0,0,0,0
johnssh01,2018,1,LAA,AL,10,10,0,0,0,0,0,0,0,0,0,4,0,1,0,0,0
jonesad01,2018,1,BAL,AL,145,580,54,163,35,0,15,63,7,1,24,93,1,5,0,4,21
jonesja07,2018,1,DET,AL,129,429,54,89,22,6,11,34,13,5,24,142,0,11,1,2,9
jonesna01,2018,1,CHA,AL,33,0,0,0,0,0,0,0,0,0,0,0,0,0,0,0,0
jonesry01,2018,1,SFN,NL,5,8,2,3,0,0,2,3,0,0,0,5,0,0,0,0,0
josepca01,2018,1,BAL,AL,82,265,28,58,14,2,3,17,2,1,10,68,0,3,1,1,3
josepco01,2018,1,BAL,AL,14,18,1,4,1,0,0,3,0,0,1,5,0,0,0,0,0
joycema01,2018,1,OAK,AL,83,207,34,43,9,0,7,15,0,2,35,53,2,1,1,2,3
judgeaa01,2018,1,NYA,AL,112,413,77,115,22,0,27,67,6,3,76,152,3,4,0,5,10
junisja01,2018,1,KCA,AL,30,2,0,0,0,0,0,0,0,0,0,1,0,0,0,0,0
juradar01,2018,1,TEX,AL,12,0,0,0,0,0,0,0,0,0,0,0,0,0,1,0,0
kaczmke01,2018,1,NYN,NL,4,4,0,0,0,0,0,0,0,1,1,1,0,0,0,0,0
kahnlto01,2018,1,NYA,AL,24,0,0,0,0,0,0,0,0,0,0,0,0,0,0,0,0
kangju01,2018,1,PIT,NL,3,6,0,2,0,0,0,0,0,0,0,1,0,0,0,0,0
kelake01,2018,1,TEX,AL,38,0,0,0,0,0,0,0,0,0,0,0,0,0,0,0,0
kelake01,2018,2,PIT,NL,16,0,0,0,0,0,0,0,0,0,0,0,0,0,0,0,0
kellebr01,2018,1,KCA,AL,41,3,1,1,0,0,0,0,0,0,0,1,0,0,0,0,0
kellesh01,2018,1,WAS,NL,35,1,0,0,0,0,0,0,0,0,0,1,0,0,0,0,0
kellesh01,2018,2,OAK,AL,19,0,0,0,0,0,0,0,0,0,0,0,0,0,0,0,0
kellyca01,2018,1,SFN,NL,7,4,0,0,0,0,0,0,0,0,0,3,0,0,2,0,0
kellyca02,2018,1,SLN,NL,19,35,1,4,0,0,0,3,0,0,3,7,0,1,3,0,0
kellyjo05,2018,1,BOS,AL,73,0,0,0,0,0,0,0,0,0,0,0,0,0,0,0,0
kellyty01,2018,1,NYN,NL,9,11,1,1,0,0,0,0,0,0,1,2,0,0,0,0,1
kempma01,2018,1,LAN,NL,146,462,62,134,25,0,21,85,0,0,36,115,2,1,0,7,14
kempto01,2018,1,HOU,AL,97,255,37,67,15,0,6,30,9,3,32,44,1,3,3,1,7
kendrho01,2018,1,WAS,NL,40,152,17,46,14,0,4,12,1,1,5,29,1,2,0,1,6
kennebr02,2018,1,SDN,NL,6,8,0,0,0,0,0,0,0,0,0,4,0,0,1,0,1
kenneia01,2018,1,KCA,AL,22,2,0,1,0,0,0,0,0,0,0,0,0,0,0,0,0
keplema01,2018,1,MIN,AL,156,532,80,119,30,4,20,58,4,5,71,96,2,5,0,3,8
kershcl01,2018,1,LAN,NL,27,46,1,11,2,0,0,7,0,0,7,11,0,0,4,0,0
keuchda01,2018,1,HOU,AL,34,2,0,0,0,0,0,0,0,0,0,2,0,0,0,0,0
kiebosp01,2018,1,WAS,NL,52,125,16,29,5,0,2,13,0,0,16,28,0,1,0,1,2
kiekhde01,2018,1,OAK,AL,4,0,0,0,0,0,0,0,0,0,0,0,0,0,0,0,0
kiermke01,2018,1,TBA,AL,88,332,44,72,12,9,7,29,10,5,25,91,2,6,2,2,4
kimbrcr01,2018,1,BOS,AL,63,0,0,0,0,0,0,0,0,0,0,0,0,0,0,0,0
kineris01,2018,1,TEX,AL,111,356,43,93,18,2,4,34,7,5,28,62,1,6,5,1,14
kingesc01,2018,1,PHI,NL,147,452,55,102,23,2,8,35,10,3,24,126,1,3,0,5,2
kinghni01,2018,1,PIT,NL,18,23,1,2,1,0,0,4,0,0,1,10,0,1,0,0,0
kinlety01,2018,1,MIN,AL,4,0,0,0,0,0,0,0,0,0,0,0,0,0,0,0,0
kinlety01,2018,2,MIA,NL,9,0,0,0,0,0,0,0,0,0,0,0,0,0,0,0,0
kinslia01,2018,1,LAA,AL,91,355,49,85,20,0,13,32,9,4,30,40,0,4,0,2,10
kinslia01,2018,2,BOS,AL,37,132,17,32,6,0,1,16,7,3,10,24,0,0,0,1,5
kintzbr01,2018,1,WAS,NL,45,0,0,0,0,0,0,0,0,0,0,0,0,0,0,0,0
kintzbr01,2018,2,CHN,NL,25,1,0,0,0,0,0,0,0,0,0,1,0,0,0,0,0
kipnija01,2018,1,CLE,AL,147,530,65,122,28,1,18,75,7,1,60,112,1,7,1,3,5
kittran01,2018,1,TBA,AL,33,1,0,0,0,0,0,0,0,0,0,1,0,0,0,0,0
kivlepa01,2018,1,ARI,NL,9,13,3,3,0,2,0,0,0,0,0,6,0,1,0,0,0
klubeco01,2018,1,CLE,AL,33,6,0,0,0,0,0,0,0,0,0,4,0,0,0,0,0
knappan01,2018,1,PHI,NL,84,187,19,37,6,2,4,15,1,0,24,75,1,2,1,1,2
knebeco01,2018,1,MIL,NL,57,0,0,0,0,0,0,0,0,0,0,0,0,0,0,0,0
kochma01,2018,1,ARI,NL,19,17,1,1,0,0,0,0,0,0,3,11,0,0,3,0,0
kolarad01,2018,1,TBA,AL,31,0,0,0,0,0,0,0,0,0,0,0,0,0,0,0,0
kontoge01,2018,1,PIT,NL,21,0,0,0,0,0,0,0,0,0,0,0,0,0,0,0,0
kontoge01,2018,2,CLE,AL,6,0,0,0,0,0,0,0,0,0,0,0,0,0,0,0,0
kontoge01,2018,3,NYA,AL,1,0,0,0,0,0,0,0,0,0,0,0,0,0,0,0,0
kopecmi01,2018,1,CHA,AL,4,0,0,0,0,0,0,0,0,0,0,0,0,0,0,0,0
kozmape01,2018,1,DET,AL,27,69,7,15,4,1,1,8,0,1,2,15,0,0,1,1,2
krameke01,2018,1,PIT,NL,21,37,5,5,0,0,0,4,0,0,2,20,0,0,0,1,0
kratzer01,2018,1,MIL,NL,67,203,18,48,6,0,6,23,1,0,6,40,0,7,1,2,8
krehbjo01,2018,1,ARI,NL,2,0,0,0,0,0,0,0,0,0,0,0,0,0,0,0,0
krolia01,2018,1,LAA,AL,1,0,0,0,0,0,0,0,0,0,0,0,0,0,0,0,0
kuhlch01,2018,1,PIT,NL,18,21,2,3,0,0,0,1,0,0,0,5,0,0,6,0,0
lagarju01,2018,1,NYN,NL,30,59,9,20,1,1,0,6,3,1,3,9,1,1,0,1,2
lamarry01,2018,1,MIN,AL,43,99,7,26,5,0,0,8,1,1,8,33,0,1,0,1,3
lamarry01,2018,2,CHA,AL,33,66,8,20,6,0,2,10,1,1,2,20,0,1,0,2,0
lambja01,2018,1,ARI,NL,56,207,34,46,8,0,6,31,1,2,26,65,0,1,0,4,4
lambjo02,2018,1,LAA,AL,3,0,0,0,0,0,0,0,0,0,0,0,0,0,0,0,0
lasteto01,2018,1,CHN,NL,123,169,23,45,8,0,1,19,0,1,17,27,1,2,0,0,5
lauerer01,2018,1,SDN,NL,23,30,1,2,1,0,0,1,0,0,1,15,0,0,5,1,0
laurera01,2018,1,OAK,AL,48,156,27,45,12,1,5,19,7,1,16,50,0,2,0,2,0
lavarry01,2018,1,PIT,NL,6,6,1,4,1,0,0,1,0,0,0,1,0,0,0,0,0
lawde01,2018,1,SFN,NL,7,1,1,1,0,0,0,0,0,0,0,0,0,0,0,0,0
lawreca01,2018,1,SEA,AL,11,0,0,0,0,0,0,0,0,0,0,0,0,0,0,0,0
leakemi01,2018,1,SEA,AL,31,4,0,0,0,0,0,0,0,0,0,4,0,0,0,0,0
leblawa01,2018,1,SEA,AL,32,3,0,1,0,0,0,0,0,0,0,2,0,0,1,0,0
leclejo01,2018,1,TEX,AL,59,0,0,0,0,0,0,0,0,0,0,0,0,0,0,0,0
leebr01,2018,1,MIA,NL,8,17,0,3,0,0,0,2,0,0,1,8,0,0,0,0,0
leitema02,2018,1,PHI,NL,12,3,0,0,0,0,0,0,0,0,0,2,0,0,0,0,0
leitema02,2018,2,TOR,AL,8,0,0,0,0,0,0,0,0,0,0,0,0,0,0,0,0
lemahdj01,2018,1,COL,NL,128,533,90,147,32,2,15,62,6,5,37,82,0,2,2,7,14
leonedo01,2018,1,SLN,NL,30,0,0,0,0,0,0,0,0,0,0,0,0,0,0,0,0
leonsa01,2018,1,BOS,AL,89,265,30,47,12,0,5,22,1,0,15,75,0,4,3,1,6
lestejo01,2018,1,CHN,NL,34,59,4,7,0,0,1,9,0,0,0,22,0,0,6,0,1
lewicar01,2018,1,DET,AL,13,0,0,0,0,0,0,0,0,0,0,0,0,0,0,0,0
liberad01,2018,1,LAN,NL,17,1,1,0,0,0,0,0,0,0,0,0,0,0,0,0,0
lindofr01,2018,1,CLE,AL,158,661,129,183,42,2,38,92,25,10,70,107,7,8,3,3,5
lintz01,2018,1,BOS,AL,37,65,15,16,6,1,1,6,0,1,8,17,0,0,0,0,0
liriafr01,2018,1,DET,AL,27,1,0,0,0,0,0,0,0,0,0,0,0,0,1,0,0
litteza01,2018,1,MIN,AL,8,0,0,0,0,0,0,0,0,0,0,0,0,0,0,0,0
livelbe01,2018,1,PHI,NL,6,7,0,0,0,0,0,0,0,0,0,2,0,0,0,0,0
livelbe01,2018,2,KCA,AL,5,0,0,0,0,0,0,0,0,0,0,0,0,0,0,0,0
loaisjo01,2018,1,NYA,AL,9,2,0,0,0,0,0,0,0,0,0,2,0,0,0,0,0
lobatjo01,2018,1,NYN,NL,22,49,3,7,2,1,0,4,0,0,7,15,0,0,0,1,2
locasti01,2018,1,LAN,NL,18,11,6,2,1,0,0,0,4,0,2,5,0,1,0,0,0
lockean01,2018,1,SDN,NL,4,4,0,0,0,0,0,0,0,0,1,4,0,0,0,0,0
loganbo02,2018,1,MIL,NL,16,0,0,0,0,0,0,0,0,0,0,0,0,0,0,0,0
longoev01,2018,1,SFN,NL,125,480,51,117,25,4,16,54,3,1,22,101,3,5,0,5,11
lopezjo02,2018,1,MIL,NL,10,2,1,1,1,0,0,2,0,0,0,1,0,0,0,0,0
lopezjo02,2018,2,KCA,AL,7,0,0,0,0,0,0,0,0,0,0,0,0,0,0,0,0
lopezpa01,2018,1,MIA,NL,12,16,1,3,0,0,0,0,0,0,1,8,0,0,1,0,0
lopezra02,2018,1,SDN,NL,37,102,11,18,2,0,3,13,1,0,13,43,3,0,0,2,1
lopezre01,2018,1,CHA,AL,32,1,0,0,0,0,0,0,0,0,0,1,0,0,0,0,0
lopezyo01,2018,1,ARI,NL,10,0,0,0,0,0,0,0,0,0,0,0,0,0,0,0,0
lorenmi01,2018,1,CIN,NL,55,31,5,9,1,0,4,10,0,0,2,9,0,0,1,0,4
loupaa01,2018,1,TOR,AL,50,0,0,0,0,0,0,0,0,0,0,0,0,0,0,0,0
loupaa01,2018,2,PHI,NL,9,0,0,0,0,0,0,0,0,0,0,0,0,0,0,0,0
lowebr01,2018,1,TBA,AL,43,129,16,30,6,2,6,25,2,1,16,38,0,2,0,1,3
lowrije01,2018,1,OAK,AL,157,596,78,159,37,1,23,99,0,0,78,128,1,3,0,3,8
lucasjo02,2018,1,OAK,AL,8,0,0,0,0,0,0,0,0,0,0,0,0,0,0,0,0
lucchjo01,2018,1,SDN,NL,26,34,2,2,0,0,0,1,0,0,4,21,0,0,0,1,0
lucrojo01,2018,1,OAK,AL,126,415,41,100,21,1,4,51,0,0,29,65,1,3,1,6,12
lugoda01,2018,1,DET,AL,27,94,10,20,4,1,1,8,0,0,7,20,0,0,0,0,2
lugose01,2018,1,NYN,NL,54,11,1,1,0,0,0,0,0,0,1,8,0,0,1,0,0
luplojo01,2018,1,PIT,NL,37,92,16,17,1,3,3,7,2,2,10,18,0,1,0,0,7
lylesjo01,2018,1,SDN,NL,26,13,2,0,0,0,0,1,0,0,2,7,0,0,2,0,1
lylesjo01,2018,2,MIL,NL,11,2,1,0,0,0,0,0,0,0,1,1,0,0,0,0,0
lynnla01,2018,1,MIN,AL,20,2,0,0,0,0,0,0,0,0,0,0,0,0,0,0,0
lynnla01,2018,2,NYA,AL,11,2,0,0,0,0,0,0,0,0,0,2,0,0,0,0,0
lyonsty01,2018,1,SLN,NL,27,0,0,0,0,0,0,0,0,0,0,0,0,0,0,0,0
machadi01,2018,1,DET,AL,67,214,20,44,13,1,1,21,1,1,14,41,1,3,1,1,2
machama01,2018,1,BAL,AL,96,365,48,115,21,1,24,65,8,1,45,51,12,0,0,3,14
machama01,2018,2,LAN,NL,66,267,36,73,14,2,13,42,6,1,25,53,6,2,0,2,12
madsory01,2018,1,WAS,NL,49,0,0,0,0,0,0,0,0,0,0,0,0,0,0,0,0
madsory01,2018,2,LAN,NL,9,0,0,0,0,0,0,0,0,0,0,0,0,0,0,0,0
maedake01,2018,1,LAN,NL,41,32,0,3,0,0,0,0,0,0,0,9,0,0,8,0,1
magilma01,2018,1,MIN,AL,40,1,0,0,0,0,0,0,0,0,0,1,0,0,0,0,0
mahlety01,2018,1,CIN,NL,24,29,0,3,1,0,0,0,0,0,2,10,0,0,3,0,0
mahtomi01,2018,1,DET,AL,67,223,24,45,4,2,9,29,4,1,21,66,1,3,0,3,3
mailelu01,2018,1,TOR,AL,68,202,22,50,13,1,3,27,2,0,25,67,0,2,0,2,4
makitka01,2018,1,SDN,NL,27,3,0,0,0,0,0,0,0,0,0,2,0,0,0,0,0
maldoma01,2018,1,LAA,AL,78,265,24,59,14,0,5,32,0,1,13,73,0,10,1,1,3
maldoma01,2018,2,HOU,AL,41,108,15,25,4,1,4,12,0,0,3,25,0,1,1,1,5
manaese01,2018,1,OAK,AL,27,5,0,1,0,0,0,0,0,0,0,0,0,0,0,0,0
mancitr01,2018,1,BAL,AL,156,582,69,141,23,3,24,58,0,1,44,153,1,5,0,5,17
mannbr01,2018,1,TEX,AL,7,0,0,0,0,0,0,0,0,0,0,0,0,0,0,0,0
mapledi01,2018,1,CHN,NL,9,0,0,0,0,0,0,0,0,0,0,0,0,0,0,0,0
margoma01,2018,1,SDN,NL,141,477,50,117,26,8,8,51,11,10,32,88,4,2,1,7,9
marinjh01,2018,1,BAL,AL,8,0,0,0,0,0,0,0,0,0,0,0,0,0,0,0,0
marisja01,2018,1,HOU,AL,103,213,34,45,8,1,10,28,6,2,15,84,1,4,1,1,6
marjami01,2018,1,SEA,AL,10,27,1,3,3,0,0,0,0,1,2,6,0,0,0,0,2
markani01,2018,1,ATL,NL,162,623,78,185,43,2,14,93,1,1,72,80,10,1,0,9,18
marquge01,2018,1,COL,NL,33,60,4,18,0,0,1,5,0,0,0,11,0,0,5,0,1
marrede01,2018,1,ARI,NL,49,78,11,13,1,1,0,7,3,0,6,23,0,0,0,1,5
marshev01,2018,1,CLE,AL,10,0,0,0,0,0,0,0,0,0,0,0,0,0,0,0,0
marteje01,2018,1,LAA,AL,90,194,28,42,7,1,7,22,1,1,13,41,0,2,0,0,6
marteke01,2018,1,ARI,NL,153,520,68,135,26,12,14,59,6,1,54,79,3,3,1,2,12
martest01,2018,1,PIT,NL,145,559,81,155,32,5,20,72,33,14,35,109,2,8,1,3,11
martica04,2018,1,SLN,NL,34,33,1,8,2,0,1,4,0,0,0,11,0,0,2,1,0
martich02,2018,1,TEX,AL,46,0,0,0,0,0,0,0,0,0,0,0,0,0,0,0,0
martijd02,2018,1,BOS,AL,150,569,111,188,37,2,43,130,6,1,58,146,11,4,0,7,19
martijo08,2018,1,SLN,NL,152,534,64,163,30,0,17,83,0,3,49,104,0,2,2,3,15
martile01,2018,1,DET,AL,78,303,45,76,15,3,9,29,7,3,29,75,1,3,0,1,1
martile01,2018,2,CLE,AL,6,15,3,5,0,0,2,4,0,1,1,2,0,0,0,1,1
martini02,2018,1,OAK,AL,55,152,26,45,9,3,1,19,0,0,21,36,1,5,0,1,0
martiru01,2018,1,TOR,AL,90,289,37,56,8,0,10,25,0,3,56,82,0,7,0,0,7
martivi01,2018,1,DET,AL,133,467,32,117,21,0,9,54,0,0,32,49,4,2,0,7,19
mathije01,2018,1,ARI,NL,69,195,15,39,9,1,1,20,0,0,20,66,1,0,1,2,7
matonph01,2018,1,SDN,NL,45,0,0,0,0,0,0,0,0,0,0,0,0,0,0,0,0
matzst01,2018,1,NYN,NL,30,46,2,5,1,0,2,4,0,0,3,13,0,0,4,0,1
mauerjo01,2018,1,MIN,AL,127,486,64,137,27,1,6,48,0,1,51,86,5,2,1,3,9
maurebr01,2018,1,KCA,AL,37,0,0,0,0,0,0,0,0,0,0,0,0,0,0,0,0
maxwebr01,2018,1,OAK,AL,18,55,5,10,4,0,1,6,0,0,2,13,0,0,0,1,3
maybica01,2018,1,MIA,NL,99,251,20,63,12,1,3,20,8,5,32,55,1,2,0,2,3
maybica01,2018,2,SEA,AL,30,91,12,22,2,1,1,8,2,0,6,20,0,0,0,0,4
mayermi01,2018,1,SLN,NL,50,1,0,0,0,0,0,0,0,0,1,1,0,0,0,0,0
maytr01,2018,1,MIN,AL,24,0,0,0,0,0,0,0,0,0,0,0,0,0,0,0,0
mayzati01,2018,1,TOR,AL,37,0,0,0,0,0,0,0,0,0,0,0,0,0,0,0,0
mazarno01,2018,1,TEX,AL,128,489,61,126,25,1,20,77,1,0,40,116,2,4,0,3,13
mazzoco01,2018,1,CHN,NL,8,0,0,0,0,0,0,0,0,0,0,0,0,0,0,0,0
mcallza01,2018,1,CLE,AL,41,0,0,0,0,0,0,0,0,0,0,0,0,0,0,0,0
mcallza01,2018,2,DET,AL,3,0,0,0,0,0,0,0,0,0,0,0,0,0,0,0,0
mccanbr01,2018,1,HOU,AL,63,189,22,40,3,0,7,23,0,1,19,40,0,6,0,2,7
mccanja02,2018,1,DET,AL,118,427,31,94,16,0,8,39,0,3,26,116,0,2,0,2,9
mccarbr01,2018,1,ATL,NL,15,29,1,3,2,0,0,2,0,0,0,19,0,0,2,0,0
mccarke01,2018,1,KCA,AL,65,0,0,0,0,0,0,0,0,0,0,0,0,0,0,0,0
mccread01,2018,1,ATL,NL,1,0,0,0,0,0,0,0,0,0,0,0,0,0,0,0,0
mcculla02,2018,1,HOU,AL,25,2,0,0,0,0,0,0,0,0,0,1,0,0,0,0,0
mccutan01,2018,1,SFN,NL,130,482,65,123,28,2,15,55,13,6,73,123,1,7,0,6,11
mccutan01,2018,2,NYA,AL,25,87,18,22,2,1,5,10,1,3,22,22,0,4,0,1,1
mcfartj01,2018,1,ARI,NL,47,7,0,0,0,0,0,0,0,0,0,6,0,0,0,0,0
mcgeeja01,2018,1,COL,NL,61,0,0,0,0,0,0,0,0,0,0,0,0,0,0,0,0
mcgowky01,2018,1,WAS,NL,5,2,1,0,0,0,0,0,0,0,0,0,0,0,0,0,0
mcgraky01,2018,1,SDN,NL,4,1,0,0,0,0,0,0,0,0,0,0,0,0,0,0,0
mcguide02,2018,1,TOR,AL,4,1,0,1,0,0,0,0,0,0,0,0,0,0,0,0,0
mcguide02,2018,2,LAA,AL,17,2,0,0,0,0,0,0,0,0,0,1,0,0,0,0,0
mcguire01,2018,1,TOR,AL,14,31,5,9,3,0,2,4,1,0,2,9,0,0,0,0,0
mchugco01,2018,1,HOU,AL,58,0,0,0,0,0,0,0,0,0,0,0,0,0,0,0,0
mckinbi01,2018,1,NYA,AL,2,4,0,1,0,0,0,0,0,0,0,1,0,0,0,0,0
mckinbi01,2018,2,TOR,AL,36,115,14,29,7,0,6,13,1,0,11,32,0,1,0,1,0
mcmahry01,2018,1,COL,NL,91,181,17,42,9,1,5,19,1,0,18,64,2,2,0,1,0
mcneije01,2018,1,NYN,NL,63,225,35,74,11,6,3,19,7,1,14,24,1,5,4,0,2
mcraeal01,2018,1,PIT,NL,2,2,0,0,0,0,0,0,0,0,0,0,0,0,0,0,0
meadoau01,2018,1,PIT,NL,49,154,16,45,8,2,5,13,4,1,8,35,2,1,0,2,1
meadoau01,2018,2,TBA,AL,10,24,3,6,1,0,1,4,1,0,2,5,0,0,0,0,0
meansjo01,2018,1,BAL,AL,1,0,0,0,0,0,0,0,0,0,0,0,0,0,0,0,0
medlekr01,2018,1,ARI,NL,1,1,0,0,0,0,0,0,0,0,0,1,0,0,0,0,0
meisiry01,2018,1,BAL,AL,18,0,0,0,0,0,0,0,0,0,0,0,0,0,0,0,0
mejiaad01,2018,1,MIN,AL,5,1,0,0,0,0,0,0,0,0,0,1,0,0,0,0,0
mejiafr01,2018,1,CLE,AL,1,2,0,0,0,0,0,0,0,0,2,0,0,0,0,0,0
mejiafr01,2018,2,SDN,NL,20,54,6,10,2,0,3,8,0,0,3,19,0,1,0,0,2
melanma01,2018,1,SFN,NL,41,0,0,0,0,0,0,0,0,0,0,0,0,0,0,0,0
mellake01,2018,1,CIN,NL,4,2,0,0,0,0,0,0,0,0,0,2,0,0,0,0,0
mendeyo01,2018,1,TEX,AL,8,2,0,0,0,0,0,0,0,0,0,1,0,0,0,0,0
mengdda01,2018,1,OAK,AL,22,3,1,1,0,0,0,1,0,0,0,1,0,0,0,0,0
mercejo03,2018,1,PIT,NL,117,394,43,99,29,2,6,39,2,0,32,87,9,6,1,3,12
merriwh01,2018,1,KCA,AL,158,632,88,192,43,3,12,60,45,10,61,114,2,6,2,6,12
mesorde01,2018,1,CIN,NL,18,41,1,9,2,0,1,3,0,0,2,10,0,2,0,0,2
mesorde01,2018,2,NYN,NL,66,203,23,45,8,0,10,30,0,0,23,42,3,2,0,1,7
meyerbe02,2018,1,MIA,NL,13,1,0,0,0,0,0,0,0,0,0,0,0,0,0,0,0
middlke01,2018,1,LAA,AL,16,0,0,0,0,0,0,0,0,0,0,0,0,0,0,0,0
mikolmi01,2018,1,SLN,NL,34,63,4,9,1,0,2,6,0,0,2,33,0,0,5,1,0
mileywa01,2018,1,MIL,NL,16,27,1,5,0,0,0,0,0,0,1,11,0,0,0,0,0
millean01,2018,1,CLE,AL,37,1,0,0,0,0,0,0,0,0,0,1,0,0,0,0,0
millebr02,2018,1,TBA,AL,48,156,16,40,10,1,5,21,0,0,16,51,0,0,0,2,2
millebr02,2018,2,MIL,NL,27,74,5,17,3,1,2,8,0,0,6,31,1,0,0,0,2
milleju02,2018,1,WAS,NL,51,1,0,0,0,0,0,0,0,0,0,0,0,0,0,0,1
millesh01,2018,1,ARI,NL,5,3,0,0,0,0,0,1,0,0,1,1,0,0,0,1,0
millsal02,2018,1,CHN,NL,7,5,0,1,0,0,0,0,0,0,0,2,0,0,0,0,0
milneho01,2018,1,PHI,NL,10,0,0,0,0,0,0,0,0,0,0,0,0,0,0,0,0
milneho01,2018,2,TBA,AL,4,0,0,0,0,0,0,0,0,0,0,0,0,0,0,0,0
milonto01,2018,1,WAS,NL,5,7,0,0,0,0,0,0,0,0,1,3,0,0,1,0,0
minayju01,2018,1,CHA,AL,52,0,0,0,0,0,0,0,0,0,0,0,0,0,0,0,0
minormi01,2018,1,TEX,AL,28,3,0,1,1,0,0,0,0,0,0,1,0,0,0,0,0
minteaj01,2018,1,ATL,NL,65,0,0,0,0,0,0,0,0,0,0,0,0,0,0,0,0
miranar01,2018,1,SEA,AL,1,0,0,0,0,0,0,0,0,0,0,0,0,0,0,0,0
mitchbr01,2018,1,SDN,NL,16,18,0,2,0,0,0,0,0,0,0,10,0,0,1,0,0
molinya01,2018,1,SLN,NL,123,459,55,120,20,0,20,74,4,3,29,66,0,9,0,6,15
moncayo01,2018,1,CHA,AL,149,578,73,136,32,6,17,61,12,6,67,217,1,1,2,2,4
mondera02,2018,1,KCA,AL,75,275,47,76,13,3,14,37,32,7,11,77,0,1,3,1,2
montafr01,2018,1,OAK,AL,13,5,0,0,0,0,0,0,0,0,0,5,0,0,0,0,0
montemi01,2018,1,WAS,NL,4,11,0,0,0,0,0,0,0,0,2,3,1,0,0,0,0
montgjo01,2018,1,NYA,AL,6,0,0,0,0,0,0,0,0,0,0,0,0,0,0,0,0
montgmi01,2018,1,CHN,NL,39,33,1,3,0,0,0,1,0,0,1,20,0,0,1,0,0
mooread01,2018,1,TBA,AL,8,18,2,4,1,0,1,2,0,0,1,7,0,0,1,0,0
moorema02,2018,1,TEX,AL,39,0,0,0,0,0,0,0,0,0,0,0,0,0,0,0,0
moralke01,2018,1,TOR,AL,130,413,47,103,15,0,21,57,2,3,50,95,5,3,0,5,15
moralos01,2018,1,LAA,AL,1,0,0,0,0,0,0,0,0,0,0,0,0,0,0,0,0
moranco01,2018,1,PIT,NL,144,415,49,115,19,1,11,58,0,2,39,82,4,4,0,7,6
morelmi01,2018,1,BOS,AL,124,404,57,99,23,4,15,68,2,0,50,102,2,0,0,5,12
morgaad01,2018,1,PHI,NL,67,0,0,0,0,0,0,0,0,0,0,0,0,0,0,0,0
morinmi01,2018,1,SEA,AL,3,0,0,0,0,0,0,0,0,0,0,0,0,0,0,0,0
morofma01,2018,1,PIT,NL,26,59,7,11,1,0,3,9,0,0,7,24,1,1,0,0,0
moronre01,2018,1,SFN,NL,69,1,0,0,0,0,0,0,0,0,0,1,0,0,0,0,0
morriak01,2018,1,LAA,AL,9,0,0,0,0,0,0,0,0,0,0,0,0,0,0,0,0
morrilo01,2018,1,MIN,AL,95,318,41,59,13,0,15,39,1,0,34,80,0,6,0,1,3
morrobr01,2018,1,CHN,NL,35,1,0,0,0,0,0,0,0,0,0,1,0,0,0,0,0
mortoch02,2018,1,HOU,AL,30,6,0,1,0,0,0,0,0,0,0,5,0,0,0,0,0
motteta01,2018,1,SEA,AL,8,15,2,4,0,0,1,1,0,0,2,5,0,0,0,0,0
motteta01,2018,2,MIN,AL,9,19,0,1,0,0,0,1,1,0,2,3,0,0,0,0,0
moustmi01,2018,1,KCA,AL,98,378,46,94,21,1,20,62,3,0,30,63,3,5,0,4,10
moustmi01,2018,2,MIL,NL,54,195,20,50,12,0,8,33,1,1,19,40,2,2,0,2,3
moyaga01,2018,1,MIN,AL,35,0,0,0,0,0,0,0,0,0,0,0,0,0,0,0,0
moylape01,2018,1,ATL,NL,39,0,0,0,0,0,0,0,0,0,0,0,0,0,0,0,0
mullice01,2018,1,BAL,AL,45,170,23,40,9,0,4,11,2,3,17,37,0,2,2,0,1
muncyma01,2018,1,LAN,NL,137,395,75,104,17,2,35,79,3,0,79,131,6,5,0,2,4
munozya01,2018,1,SLN,NL,108,293,39,81,16,0,8,42,5,6,30,71,7,4,0,2,3
murphda08,2018,1,WAS,NL,56,190,17,57,9,0,6,29,1,0,13,17,2,0,0,2,4
murphda08,2018,2,CHN,NL,35,138,23,41,6,0,6,13,2,0,7,23,0,0,0,1,1
murphjr01,2018,1,ARI,NL,87,208,19,42,9,0,9,24,0,0,11,71,1,1,2,1,1
murphto04,2018,1,COL,NL,37,93,5,21,7,1,2,11,0,1,3,44,1,0,0,0,2
musgrha01,2018,1,COL,NL,35,3,0,0,0,0,0,0,0,0,0,1,0,0,0,0,0
musgrjo01,2018,1,PIT,NL,20,31,2,5,1,0,0,0,0,0,0,12,0,0,4,0,0
myerswi01,2018,1,SDN,NL,83,312,39,79,25,1,11,39,13,1,30,94,1,0,0,1,10
naquity01,2018,1,CLE,AL,61,174,22,46,7,0,3,23,1,1,6,42,1,2,0,1,1
narvaom01,2018,1,CHA,AL,97,280,30,77,14,1,9,30,0,2,38,65,1,2,2,0,5
navaref01,2018,1,CHN,NL,4,6,0,1,0,0,0,0,0,0,0,4,0,0,0,0,0
nealza01,2018,1,LAN,NL,1,0,0,0,0,0,0,0,0,0,0,0,0,0,0,0,0
negrokr01,2018,1,ARI,NL,2,3,0,1,0,0,0,1,0,0,0,0,0,0,0,0,0
negrokr01,2018,2,SEA,AL,18,29,6,6,0,0,1,3,2,0,1,9,0,0,0,0,1
nerishe01,2018,1,PHI,NL,53,1,0,0,0,0,0,0,0,0,0,1,0,0,0,0,0
neshepa01,2018,1,PHI,NL,30,0,0,0,0,0,0,0,0,0,0,0,0,0,0,0,0
neverdo01,2018,1,PIT,NL,25,0,0,0,0,0,0,0,0,0,0,0,0,0,0,0,0
newbeja01,2018,1,KCA,AL,14,0,0,0,0,0,0,0,0,0,0,0,0,0,0,0,0
newcose01,2018,1,ATL,NL,31,45,3,2,1,0,0,1,0,0,1,32,0,0,7,0,0
newmake01,2018,1,PIT,NL,31,91,7,19,2,0,0,6,0,1,4,23,1,1,0,1,2
ngoepgi01,2018,1,TOR,AL,13,18,2,1,0,0,0,0,0,0,1,12,0,0,0,0,0
nicasju01,2018,1,SEA,AL,46,0,0,0,0,0,0,0,0,0,0,0,0,0,0,0,0
nidoto01,2018,1,NYN,NL,34,84,10,14,3,0,1,9,0,0,4,27,0,0,0,2,4
nimmobr01,2018,1,NYN,NL,140,433,77,114,28,8,17,47,9,6,80,140,2,22,0,0,8
nixja02,2018,1,SDN,NL,9,15,0,0,0,0,0,0,0,0,0,11,0,0,1,0,0
nolaaa01,2018,1,PHI,NL,33,62,0,3,1,0,0,4,0,0,1,36,0,0,7,0,3
norribu01,2018,1,SLN,NL,64,0,0,0,0,0,0,0,0,0,0,0,0,0,0,0,0
norrida01,2018,1,DET,AL,11,2,0,0,0,0,0,0,0,0,0,1,0,0,0,0,0
norwoja01,2018,1,CHN,NL,11,3,0,0,0,0,0,0,0,0,0,1,0,0,0,0,1
nottija01,2018,1,MIL,NL,9,20,2,4,1,0,0,0,0,0,4,8,0,0,0,0,0
novaiv01,2018,1,PIT,NL,29,53,1,1,0,0,0,0,0,0,0,30,0,0,3,0,1
nunezed02,2018,1,BOS,AL,127,480,56,127,23,3,10,44,7,2,16,69,0,2,1,3,17
nunezre01,2018,1,TEX,AL,13,36,2,6,1,0,1,2,0,0,3,12,0,1,0,1,0
nunezre01,2018,2,BAL,AL,60,200,26,55,13,0,7,20,0,0,16,50,0,3,0,1,4
nunovi01,2018,1,TBA,AL,17,2,0,2,0,0,0,1,0,0,0,0,0,0,0,0,0
oakstr01,2018,1,KCA,AL,4,0,0,0,0,0,0,0,0,0,0,0,0,0,0,0,0
obergsc01,2018,1,COL,NL,56,0,0,0,0,0,0,0,0,0,0,0,0,0,0,0,0
obriepe04,2018,1,MIA,NL,22,66,8,18,5,0,4,10,0,0,7,22,0,0,0,1,2
odayda01,2018,1,BAL,AL,20,0,0,0,0,0,0,0,0,0,0,0,0,0,0,0,0
odorija01,2018,1,MIN,AL,33,6,0,0,0,0,0,0,0,0,0,2,0,0,2,0,0
odorro01,2018,1,TEX,AL,129,474,76,120,23,2,18,63,12,12,43,127,2,11,2,5,5
ogandal01,2018,1,CLE,AL,1,0,0,0,0,0,0,0,0,0,0,0,0,0,0,0,0
ogradch01,2018,1,MIA,NL,8,0,0,0,0,0,0,0,0,0,0,0,0,0,0,0,0
ohearry01,2018,1,KCA,AL,44,149,23,39,10,2,12,30,0,0,20,45,0,1,0,0,0
ohse01,2018,1,TOR,AL,48,0,0,0,0,0,0,0,0,0,0,0,0,0,0,0,0
ohse01,2018,2,COL,NL,25,0,0,0,0,0,0,0,0,0,0,0,0,0,0,0,0
ohtansh01,2018,1,LAA,AL,114,326,59,93,21,2,22,61,10,4,37,102,2,2,0,1,2
okertst01,2018,1,SFN,NL,10,0,0,0,0,0,0,0,0,0,0,0,0,0,0,0,0
olsonma02,2018,1,OAK,AL,162,580,85,143,33,0,29,84,2,1,70,163,3,8,0,2,13
olsonty01,2018,1,CLE,AL,43,0,0,0,0,0,0,0,0,0,0,0,0,0,0,0,0
oneilty01,2018,1,SLN,NL,61,130,29,33,5,0,9,23,2,0,7,57,0,3,0,2,0
orfna01,2018,1,MIL,NL,15,21,4,2,0,0,1,1,1,0,3,8,0,1,0,0,1
orlanpa01,2018,1,KCA,AL,25,90,6,15,3,0,0,5,0,0,3,25,0,0,0,0,3
ortegra01,2018,1,MIA,NL,41,133,10,31,3,1,0,7,5,2,10,23,0,0,0,0,5
ortizlu02,2018,1,BAL,AL,2,0,0,0,0,0,0,0,0,0,0,0,0,0,0,0,0
osichjo01,2018,1,SFN,NL,12,0,0,0,0,0,0,0,0,0,0,0,0,0,0,0,0
osunajo01,2018,1,PIT,NL,51,106,14,24,9,0,3,11,0,0,3,22,0,1,0,1,2
osunaro01,2018,1,TOR,AL,15,0,0,0,0,0,0,0,0,0,0,0,0,0,0,0,0
osunaro01,2018,2,HOU,AL,23,0,0,0,0,0,0,0,0,0,0,0,0,0,0,0,0
oswalco01,2018,1,NYN,NL,17,18,0,0,0,0,0,0,0,0,0,10,0,0,1,0,0
oteroda01,2018,1,CLE,AL,61,0,0,0,0,0,0,0,0,0,0,0,0,0,0,0,0
ottavad01,2018,1,COL,NL,75,0,0,0,0,0,0,0,0,0,0,0,0,0,0,0,0
owingch01,2018,1,ARI,NL,106,281,34,58,15,0,4,22,11,4,24,75,4,2,0,2,4
ozunama01,2018,1,SLN,NL,148,582,69,163,16,2,23,88,3,0,38,110,2,3,0,4,10
paganem01,2018,1,OAK,AL,55,0,0,0,0,0,0,0,0,0,0,0,0,0,0,0,0
palkada01,2018,1,CHA,AL,124,417,56,100,15,3,27,67,2,1,30,153,3,2,0,0,7
panikjo01,2018,1,SFN,NL,102,358,38,91,14,1,4,24,4,2,26,30,3,3,1,4,10
pannoth01,2018,1,TOR,AL,12,0,0,0,0,0,0,0,0,0,0,0,0,0,0,0,0
pareded01,2018,1,LAA,AL,14,0,0,0,0,0,0,0,0,0,0,0,0,0,0,0,0
pareded02,2018,1,LAN,NL,15,0,0,0,0,0,0,0,0,0,0,0,0,0,0,0,0
parkebl01,2018,1,LAA,AL,67,0,0,0,0,0,0,0,0,0,0,0,0,0,0,0,0
parrage01,2018,1,COL,NL,142,401,52,114,17,0,6,53,11,4,32,75,3,5,2,3,6
parsowe01,2018,1,ATL,NL,1,1,0,0,0,0,0,0,0,0,0,1,0,0,0,0,0
paulida01,2018,1,TOR,AL,7,0,0,0,0,0,0,0,0,0,0,0,0,0,0,0,0
paxtoja01,2018,1,SEA,AL,28,0,0,0,0,0,0,0,0,0,0,0,0,0,0,0,0
pazosja01,2018,1,SEA,AL,60,0,0,0,0,0,0,0,0,0,0,0,0,0,0,0,0
peacobr01,2018,1,HOU,AL,61,1,0,0,0,0,0,0,0,0,0,1,0,0,0,0,0
pearcst01,2018,1,TOR,AL,26,79,16,23,6,0,4,16,0,0,7,14,0,0,0,0,1
pearcst01,2018,2,BOS,AL,50,136,19,38,8,1,7,26,0,0,22,27,0,5,0,2,1
pederjo01,2018,1,LAN,NL,148,395,65,98,27,3,25,56,1,5,40,85,3,4,1,3,6
pedrodu01,2018,1,BOS,AL,3,11,1,1,0,0,0,0,0,0,2,1,0,0,0,0,0
pelhacd01,2018,1,TEX,AL,10,0,0,0,0,0,0,0,0,0,0,0,0,0,0,0,0
penafe01,2018,1,LAA,AL,19,6,0,0,0,0,0,0,0,0,0,1,0,0,0,0,0
penafr01,2018,1,SLN,NL,58,133,10,27,3,0,2,8,1,0,6,43,3,1,0,2,5
pencehu01,2018,1,SFN,NL,97,235,19,53,11,1,4,24,5,1,11,59,1,0,0,2,1
pennicl01,2018,1,CIN,NL,16,29,1,4,0,0,0,0,0,0,5,13,0,0,0,0,1
peralda01,2018,1,ARI,NL,146,560,75,164,25,5,30,87,4,0,48,124,4,4,0,2,14
peralfr01,2018,1,MIL,NL,16,26,0,1,0,0,0,1,0,0,0,13,0,0,1,0,0
peralwa01,2018,1,CIN,NL,59,1,0,0,0,0,0,0,0,0,0,1,0,0,2,0,0
peralwi01,2018,1,KCA,AL,37,0,0,0,0,0,0,0,0,0,0,0,0,0,0,0,0
perazjo01,2018,1,CIN,NL,157,632,85,182,31,4,14,58,23,6,29,75,4,9,8,5,12
perdolu02,2018,1,SDN,NL,12,8,0,2,0,0,0,1,0,0,0,3,0,0,0,1,0
perezca02,2018,1,ATL,NL,8,21,0,3,0,0,0,0,0,0,1,6,0,0,0,0,1
perezca02,2018,2,TEX,AL,20,49,1,7,2,0,1,3,1,0,1,15,0,1,2,0,3
perezci01,2018,1,HOU,AL,8,0,0,0,0,0,0,0,0,0,0,0,0,0,0,0,0
perezhe01,2018,1,MIL,NL,132,316,36,80,11,2,9,29,11,3,17,71,1,0,0,1,6
perezma02,2018,1,TEX,AL,22,3,0,0,0,0,0,0,0,0,0,3,0,0,0,0,0
perezmi03,2018,1,TBA,AL,24,74,9,21,5,0,1,11,0,0,3,19,0,0,1,2,0
perezol01,2018,1,CLE,AL,51,0,0,0,0,0,0,0,0,0,0,0,0,0,0,0,0
perezro02,2018,1,CLE,AL,62,179,16,30,9,1,2,19,1,0,21,70,0,1,7,2,6
perezsa02,2018,1,KCA,AL,129,510,52,120,23,0,27,80,1,1,17,108,0,12,0,5,19
peterdi01,2018,1,MIA,NL,7,7,1,1,0,0,0,0,0,0,1,2,0,0,1,0,0
peterdu01,2018,1,ATL,NL,2,2,0,0,0,0,0,0,0,0,0,1,0,0,0,0,0
peterja01,2018,1,NYA,AL,3,10,0,3,0,0,0,0,0,1,1,3,0,0,0,0,0
peterja01,2018,2,BAL,AL,93,200,21,39,13,2,3,28,13,2,30,55,0,3,1,1,8
peterti01,2018,1,NYN,NL,22,2,0,0,0,0,0,0,0,0,0,1,0,0,0,0,0
petitgr01,2018,1,MIN,AL,26,61,7,15,2,0,0,3,3,1,6,14,0,0,0,0,0
petityu01,2018,1,OAK,AL,74,0,0,0,0,0,0,0,0,0,0,0,0,0,0,0,0
petrija01,2018,1,TOR,AL,41,1,0,0,0,0,0,0,0,0,0,1,0,0,0,0,0
phamth01,2018,1,SLN,NL,98,351,67,87,11,0,14,41,10,6,42,97,1,2,0,1,12
phamth01,2018,2,TBA,AL,39,143,35,49,7,6,7,22,5,1,25,43,1,4,0,2,6
phegljo01,2018,1,OAK,AL,39,93,13,19,7,0,2,15,0,0,6,27,0,1,0,2,3
phillbr01,2018,1,BOS,AL,9,23,4,3,0,0,1,2,0,0,4,7,0,0,0,0,1
phillbr02,2018,1,MIL,NL,15,22,2,4,0,1,0,4,0,0,2,11,0,0,0,0,1
phillbr02,2018,2,KCA,AL,36,112,13,21,4,2,2,7,1,1,9,50,0,1,0,1,1
phillev01,2018,1,ATL,NL,4,0,0,0,0,0,0,0,0,0,0,0,0,0,0,0,0
phillev01,2018,2,BAL,AL,5,0,0,0,0,0,0,0,0,0,0,0,0,0,0,0,0
pillake01,2018,1,TOR,AL,142,512,65,129,40,2,15,59,14,3,18,98,0,6,0,6,8
pinama01,2018,1,MIL,NL,98,306,39,77,13,2,9,28,2,0,21,62,3,5,1,4,13
pindech01,2018,1,OAK,AL,110,298,43,77,12,1,13,27,0,2,27,88,1,6,2,0,4
pireljo01,2018,1,SDN,NL,146,438,54,109,23,2,5,32,6,3,30,89,1,3,0,2,10
piscost01,2018,1,OAK,AL,151,546,78,146,41,0,27,88,2,0,42,114,0,12,0,5,21
pivetni01,2018,1,PHI,NL,34,40,3,4,1,0,0,1,0,0,2,20,0,0,3,0,2
plaweke01,2018,1,NYN,NL,79,238,33,50,13,2,7,30,0,1,28,65,2,9,1,1,12
plouftr01,2018,1,PHI,NL,7,12,1,3,0,0,1,3,0,0,0,6,0,0,0,0,0
plutkad01,2018,1,CLE,AL,17,0,0,0,0,0,0,0,0,0,0,0,0,0,2,0,0
polangr01,2018,1,PIT,NL,130,461,75,117,32,6,23,81,12,2,61,117,5,3,0,7,11
polanjo01,2018,1,MIN,AL,77,302,38,87,18,3,6,42,7,7,25,62,0,2,3,1,5
polloaj01,2018,1,ARI,NL,113,413,61,106,21,5,21,65,13,2,31,100,2,8,1,7,6
pomerdr01,2018,1,BOS,AL,26,0,0,0,0,0,0,0,0,0,0,0,0,0,0,0,0
pompeda01,2018,1,TOR,AL,5,10,0,2,0,0,0,0,0,0,1,6,0,0,0,0,0
ponceda01,2018,1,SLN,NL,12,9,0,1,0,1,0,1,0,0,0,4,0,0,1,0,0
porceri01,2018,1,BOS,AL,33,7,1,3,2,0,0,3,0,0,0,3,0,0,0,0,0
poseybu01,2018,1,SFN,NL,105,398,47,113,22,1,5,41,3,2,45,53,3,3,0,2,12
poundbr01,2018,1,COL,NL,14,0,0,0,0,0,0,0,0,0,0,0,0,0,0,0,0
powelbo02,2018,1,OAK,AL,7,24,3,4,1,1,0,0,1,1,1,6,0,0,0,0,1
poynebo01,2018,1,BOS,AL,20,0,0,0,0,0,0,0,0,0,0,0,0,0,0,0,0
pradoma01,2018,1,MIA,NL,54,197,16,48,9,0,1,18,1,1,11,35,0,1,0,0,5
pressry01,2018,1,MIN,AL,51,0,0,0,0,0,0,0,0,0,0,0,0,0,0,0,0
pressry01,2018,2,HOU,AL,26,0,0,0,0,0,0,0,0,0,0,0,0,0,0,0,0
priceda01,2018,1,BOS,AL,30,0,0,0,0,0,0,0,0,0,0,0,0,0,0,0,0
profaju01,2018,1,TEX,AL,146,524,82,133,35,6,20,77,10,0,54,88,1,12,0,4,9
pruitau01,2018,1,TBA,AL,23,0,0,0,0,0,0,0,0,0,0,0,0,0,0,0,0
puigya01,2018,1,LAN,NL,125,405,60,108,21,1,23,63,15,5,36,87,2,1,0,2,15
pujolal01,2018,1,LAA,AL,117,465,50,114,20,0,19,64,1,0,28,65,3,2,0,3,12
quackke01,2018,1,CIN,NL,10,0,0,0,0,0,0,0,0,0,0,0,0,0,0,0,0
quinnro01,2018,1,PHI,NL,50,131,13,35,6,4,2,12,10,4,10,35,0,1,1,0,1
quintjo01,2018,1,CHN,NL,32,52,0,4,0,0,0,0,0,0,0,26,0,0,6,0,3
raineta01,2018,1,CIN,NL,8,0,0,0,0,0,0,0,0,0,0,0,0,0,0,0,0
ramirca01,2018,1,TOR,AL,2,0,0,0,0,0,0,0,0,0,0,0,0,0,0,0,0
ramirca01,2018,2,OAK,AL,3,0,0,0,0,0,0,0,0,0,0,0,0,0,0,0,0
ramirer02,2018,1,SEA,AL,10,3,0,0,0,0,0,0,0,0,0,2,0,0,0,0,0
ramirha01,2018,1,BOS,AL,44,177,25,45,7,0,6,29,4,1,14,35,0,2,0,2,9
ramirjc01,2018,1,LAA,AL,2,0,0,0,0,0,0,0,0,0,0,0,0,0,0,0,0
ramirjo01,2018,1,CLE,AL,157,578,110,156,38,4,39,105,34,6,91,80,15,8,0,6,2
ramirjo02,2018,1,ATL,NL,7,0,0,0,0,0,0,0,0,0,0,0,0,0,0,0,0
ramirne01,2018,1,CLE,AL,47,1,0,0,0,0,0,0,0,0,0,1,0,0,0,0,0
ramirno01,2018,1,LAA,AL,69,0,0,0,0,0,0,0,0,0,0,0,0,0,0,0,0
ramirye01,2018,1,BAL,AL,17,2,0,0,0,0,0,0,0,0,0,1,0,0,0,0,0
ramosaj01,2018,1,NYN,NL,28,0,0,0,0,0,0,0,0,0,0,0,0,0,0,0,0
ramosed02,2018,1,PHI,NL,52,0,0,0,0,0,0,0,0,0,0,0,0,0,0,0,0
ramoswi01,2018,1,TBA,AL,78,293,30,87,14,0,14,53,0,0,22,61,1,0,0,0,17
ramoswi01,2018,2,PHI,NL,33,89,9,30,8,1,1,17,0,0,10,19,1,0,0,2,3
rasmuco01,2018,1,BAL,AL,18,45,5,6,1,0,1,1,0,0,3,19,0,1,0,0,0
ravinjo01,2018,1,ATL,NL,2,0,0,0,0,0,0,0,0,0,0,0,0,0,0,0,0
rayro02,2018,1,ARI,NL,25,39,2,3,1,0,0,2,0,0,0,24,0,0,4,1,1
realmjt01,2018,1,MIA,NL,125,477,74,132,30,3,21,74,3,2,38,104,0,10,0,4,9
reddijo01,2018,1,HOU,AL,134,433,63,105,13,2,17,47,7,2,49,77,3,0,1,2,9
reedad01,2018,1,MIN,AL,55,0,0,0,0,0,0,0,0,0,0,0,0,0,0,0,0
reedaj01,2018,1,HOU,AL,1,3,0,0,0,0,0,0,0,0,0,1,0,0,0,0,0
reedco01,2018,1,CIN,NL,17,11,0,0,0,0,0,0,0,0,1,10,0,0,0,0,0
reedmi02,2018,1,ATL,NL,7,7,1,2,0,0,0,0,0,0,0,3,0,0,0,0,0
refsnro01,2018,1,TBA,AL,40,84,10,14,3,0,2,5,0,2,18,26,0,0,0,0,5
reidfse01,2018,1,TOR,AL,7,3,0,0,0,0,0,0,0,0,0,3,0,0,0,0,0
reinhja01,2018,1,NYN,NL,21,30,4,5,0,0,0,0,1,1,5,9,0,0,0,0,1
reiniza01,2018,1,DET,AL,18,0,0,0,0,0,0,0,0,0,0,0,0,0,0,0,0
rendato01,2018,1,BOS,AL,1,0,1,0,0,0,0,0,0,0,0,0,0,0,0,0,0
rendoan01,2018,1,WAS,NL,136,529,88,163,44,2,24,92,2,1,55,82,5,5,0,8,5
renfrhu01,2018,1,SDN,NL,117,403,53,100,23,1,26,68,2,1,30,109,2,3,0,5,9
reyesal02,2018,1,SLN,NL,1,1,0,0,0,0,0,0,0,0,0,1,0,0,0,0,0
reyesfr01,2018,1,SDN,NL,87,261,36,73,9,0,16,31,0,0,24,80,0,0,0,0,5
reyesje01,2018,1,CIN,NL,5,0,0,0,0,0,0,0,0,0,0,0,0,0,0,0,0
reyesjo01,2018,1,NYN,NL,110,228,30,43,12,3,4,16,5,2,22,39,1,0,1,0,5
reyespa01,2018,1,PIT,NL,18,58,9,17,2,0,3,7,0,1,5,11,0,0,0,0,2
reyesvi01,2018,1,DET,AL,100,212,35,47,5,3,1,12,9,1,5,46,0,0,1,1,4
reynoma01,2018,1,WAS,NL,86,206,26,51,8,0,13,40,0,0,24,64,1,2,0,3,8
reynoma03,2018,1,WAS,NL,12,13,1,2,0,0,0,1,0,0,1,4,0,0,0,0,0
rhameja01,2018,1,NYN,NL,30,1,0,0,0,0,0,0,0,0,0,1,0,0,0,0,0
richacl01,2018,1,SDN,NL,28,42,3,4,1,0,1,3,0,0,2,24,0,1,6,0,0
richaga01,2018,1,LAA,AL,16,0,0,0,0,0,0,0,0,0,0,0,0,0,0,0,0
richatr01,2018,1,MIA,NL,25,31,1,2,0,0,0,2,0,0,1,17,0,0,4,0,0
rickajo01,2018,1,BAL,AL,79,213,27,52,10,1,8,23,4,2,15,55,0,2,0,0,3
riddljt01,2018,1,MIA,NL,102,308,28,71,10,4,9,36,0,3,20,67,1,0,3,1,4
riosya01,2018,1,PHI,NL,36,1,0,0,0,0,0,0,0,0,0,1,0,0,0,0,0
riverfe01,2018,1,PIT,NL,70,1,0,0,0,0,0,0,0,0,0,1,0,0,0,0,0
riverre01,2018,1,LAA,AL,30,82,8,20,4,0,4,11,0,0,4,32,0,1,0,0,3
riverre01,2018,2,ATL,NL,3,4,0,0,0,0,0,0,0,0,0,3,0,0,0,0,0
riverya01,2018,1,MIA,NL,111,139,13,24,3,0,1,9,2,1,19,51,3,0,0,2,3
rizzoan01,2018,1,CHN,NL,153,566,74,160,29,1,25,101,6,4,70,80,15,20,0,9,11
roarkta01,2018,1,WAS,NL,31,58,6,11,2,1,0,8,0,0,1,19,0,1,5,0,1
roberda08,2018,1,NYA,AL,69,0,0,0,0,0,0,0,0,0,0,0,0,0,0,0,0
roberda10,2018,1,TBA,AL,88,282,46,74,16,0,9,34,2,2,43,77,0,13,0,2,7
robindr01,2018,1,TEX,AL,47,109,20,20,3,0,3,9,2,1,16,57,0,0,0,0,0
robinsh01,2018,1,NYA,AL,25,49,8,7,1,0,1,2,1,0,4,6,0,0,1,0,2
robleha01,2018,1,NYN,NL,16,1,0,0,0,0,0,0,0,0,0,1,0,0,0,0,0
robleha01,2018,2,LAA,AL,37,0,0,0,0,0,0,0,0,0,0,0,0,0,0,0,0
roblevi01,2018,1,WAS,NL,21,59,8,17,3,1,3,10,3,2,4,12,0,2,0,1,2
rodnefe01,2018,1,MIN,AL,46,0,0,0,0,0,0,0,0,0,0,0,0,0,0,0,0
rodnefe01,2018,2,OAK,AL,22,0,0,0,0,0,0,0,0,0,0,0,0,0,0,0,0
rodonca01,2018,1,CHA,AL,20,0,0,0,0,0,0,0,0,0,0,0,0,0,0,0,0
rodride01,2018,1,SFN,NL,21,32,0,3,1,0,0,1,0,0,0,16,0,0,7,0,0
rodried05,2018,1,BOS,AL,27,2,0,0,0,0,0,0,0,0,0,1,0,0,0,0,0
rodrije01,2018,1,WAS,NL,14,16,2,3,1,0,0,1,0,0,0,8,0,0,2,0,0
rodriri04,2018,1,TEX,AL,4,0,0,0,0,0,0,0,0,0,0,0,0,0,0,0,0
rodriri05,2018,1,PIT,NL,63,2,0,0,0,0,0,0,0,0,0,2,0,0,0,0,0
rodriro03,2018,1,DET,AL,62,191,17,42,7,0,5,20,2,0,10,42,0,0,3,2,7
rodrise01,2018,1,PIT,NL,66,150,21,25,5,1,5,19,1,0,22,60,1,1,0,0,1
roech01,2018,1,TBA,AL,61,0,0,0,0,0,0,0,0,0,0,0,0,0,0,0,0
rogerjo01,2018,1,BAL,AL,3,0,0,0,0,0,0,0,0,0,0,0,0,0,0,0,0
rogerta01,2018,1,MIN,AL,72,0,0,0,0,0,0,0,0,0,0,0,0,0,0,0,0
rojasmi02,2018,1,MIA,NL,153,488,44,123,13,0,11,53,6,3,24,69,2,9,2,4,23
romansa01,2018,1,CIN,NL,39,36,1,2,1,0,0,2,0,0,0,24,0,0,4,0,0
romeren01,2018,1,WAS,NL,2,0,0,0,0,0,0,0,0,0,0,0,0,0,0,0,0
romeren01,2018,2,PIT,NL,2,1,1,1,1,0,0,0,0,0,0,0,0,0,0,0,0
romeren01,2018,3,KCA,AL,4,0,0,0,0,0,0,0,0,0,0,0,0,0,0,0,0
romerfe01,2018,1,MIN,AL,11,3,0,0,0,0,0,0,0,0,0,3,0,0,0,0,0
rominan01,2018,1,SEA,AL,75,119,15,25,2,1,0,2,1,0,7,39,0,1,4,0,2
rominau01,2018,1,NYA,AL,77,242,30,59,12,0,10,42,1,0,17,67,0,2,1,3,10
romose01,2018,1,TBA,AL,73,1,0,0,0,0,0,0,0,0,0,1,0,0,0,0,0
rondobr01,2018,1,CHA,AL,35,0,0,0,0,0,0,0,0,0,0,0,0,0,0,0,0
rondohe01,2018,1,HOU,AL,63,0,0,0,0,0,0,0,0,0,0,0,0,0,0,0,0
rondojo02,2018,1,CHA,AL,42,100,15,23,6,0,6,14,2,1,7,30,0,0,0,0,3
rosalad01,2018,1,CLE,AL,13,19,4,4,1,0,1,2,0,0,1,5,0,0,1,0,0
rosaram01,2018,1,NYN,NL,154,554,76,142,26,8,9,51,24,11,29,119,4,3,3,3,9
rosared01,2018,1,MIN,AL,138,559,87,161,31,2,24,77,8,2,30,104,5,0,1,2,4
rosarra01,2018,1,CHN,NL,44,1,1,1,0,0,0,1,0,0,1,0,0,0,0,0,0
rosscza01,2018,1,LAN,NL,17,0,0,0,0,0,0,0,0,0,0,0,0,0,0,0,0
rossjo01,2018,1,WAS,NL,3,5,0,0,0,0,0,0,0,0,0,3,0,0,0,0,1
rossty01,2018,1,SDN,NL,25,38,1,6,0,0,0,3,1,0,1,16,0,0,2,1,1
rossty01,2018,2,SLN,NL,9,3,1,2,0,0,1,1,0,0,0,0,0,0,1,0,0
rowlech01,2018,1,TOR,AL,2,0,0,0,0,0,0,0,0,0,0,0,0,0,0,0,0
ruary01,2018,1,TEX,AL,61,139,17,27,3,1,6,12,3,1,5,53,0,0,2,1,2
rucindr01,2018,1,MIA,NL,32,4,0,0,0,0,0,0,0,0,0,3,0,0,0,0,0
ruizjo01,2018,1,CHA,AL,6,0,0,0,0,0,0,0,0,0,0,0,0,0,0,0,0
ruizri01,2018,1,ATL,NL,14,12,1,1,0,0,0,0,0,0,2,5,0,1,0,0,0
rumbeni01,2018,1,SEA,AL,13,0,0,0,0,0,0,0,0,0,0,0,0,0,0,0,0
rusinch01,2018,1,COL,NL,49,4,0,2,0,0,0,0,0,0,0,1,0,0,1,0,0
russead02,2018,1,CHN,NL,130,420,52,105,21,1,5,38,4,0,40,99,2,2,1,2,7
ryuhy01,2018,1,LAN,NL,16,26,4,7,1,0,0,2,0,0,2,13,0,0,2,0,0
rzepcma01,2018,1,SEA,AL,18,0,0,0,0,0,0,0,0,0,0,0,0,0,0,0,0
rzepcma01,2018,2,CLE,AL,5,0,0,0,0,0,0,0,0,0,0,0,0,0,0,0,0
sabatcc01,2018,1,NYA,AL,29,0,0,0,0,0,0,0,0,0,0,0,0,0,0,0,0
sadleca02,2018,1,PIT,NL,2,2,0,0,0,0,0,0,0,0,0,1,0,0,0,0,0
sadzeco01,2018,1,TEX,AL,13,0,0,0,0,0,0,0,0,0,0,0,0,0,0,0,0
saladty01,2018,1,CHA,AL,6,8,2,2,1,0,0,0,0,0,0,3,0,0,1,0,0
saladty01,2018,2,MIL,NL,52,118,11,29,3,0,5,16,2,2,9,38,0,1,1,1,3
salasfe01,2018,1,ARI,NL,41,1,0,0,0,0,0,0,0,0,0,0,0,0,0,0,0
salech01,2018,1,BOS,AL,27,2,0,0,0,0,0,0,0,0,0,2,0,0,0,0,0
saltaja01,2018,1,DET,AL,5,7,0,0,0,0,0,0,0,0,1,4,0,0,0,0,0
samarje01,2018,1,SFN,NL,10,10,0,1,0,0,0,0,0,0,0,6,0,0,1,0,0
sampsad01,2018,1,TEX,AL,5,0,0,0,0,0,0,0,0,0,0,0,0,0,0,0,0
sanchaa01,2018,1,TOR,AL,20,1,0,0,0,0,0,0,0,0,0,0,0,0,0,0,0
sanchad01,2018,1,WAS,NL,28,58,8,16,2,1,0,3,0,0,1,8,0,0,0,0,0
sanchan01,2018,1,ATL,NL,25,41,0,1,0,0,0,0,0,0,1,25,0,0,2,0,2
sanchca01,2018,1,CHA,AL,155,600,62,145,34,10,8,55,14,6,49,138,0,8,2,3,9
sanchga02,2018,1,NYA,AL,89,323,51,60,17,0,18,53,1,0,46,94,0,3,0,2,10
sandopa01,2018,1,SFN,NL,92,230,22,57,10,1,9,40,0,0,19,52,2,2,0,1,9
sanomi01,2018,1,MIN,AL,71,266,32,53,14,0,13,41,0,0,31,115,0,0,0,2,7
santaan02,2018,1,BAL,AL,33,101,8,20,5,1,1,6,1,0,6,21,0,1,0,0,1
santaca01,2018,1,PHI,NL,161,560,82,128,28,2,24,86,2,1,110,93,6,1,0,8,12
santada01,2018,1,ATL,NL,15,28,4,5,3,0,0,2,1,1,3,11,0,1,0,0,0
santade01,2018,1,LAN,NL,2,2,0,1,1,0,0,2,0,0,0,1,0,0,0,0,0
santado01,2018,1,MIL,NL,85,211,21,56,14,1,5,20,1,1,20,77,1,1,0,3,3
santaed01,2018,1,PIT,NL,69,0,0,0,0,0,0,0,0,0,0,0,0,0,0,0,0
santaer01,2018,1,MIN,AL,5,0,0,0,0,0,0,0,0,0,0,0,0,0,0,0,0
santihe01,2018,1,CHA,AL,49,4,0,0,0,0,0,0,0,0,0,2,0,0,0,0,1
santolu01,2018,1,TOR,AL,15,0,0,0,0,0,0,0,0,0,0,0,0,0,0,0,0
sardilu01,2018,1,BAL,AL,8,18,2,2,0,0,1,1,0,0,2,5,0,0,0,0,1
saupowa01,2018,1,DET,AL,31,1,0,0,0,0,0,0,0,0,0,1,0,0,0,0,0
scahiro01,2018,1,CHA,AL,6,0,0,0,0,0,0,0,0,0,0,0,0,0,0,0,0
schebsc01,2018,1,CIN,NL,107,380,55,97,19,0,17,49,4,2,39,99,1,9,0,2,5
scherma01,2018,1,WAS,NL,35,70,8,17,2,0,0,6,1,0,1,14,0,2,5,0,1
schimry01,2018,1,LAA,AL,5,5,2,1,0,0,1,2,0,0,2,3,0,0,0,0,0
schoojo01,2018,1,BAL,AL,85,349,45,85,18,1,17,40,0,1,12,74,1,3,1,2,8
schoojo01,2018,2,MIL,NL,46,124,16,25,4,0,4,21,1,0,7,41,1,1,0,2,3
schulja02,2018,1,TBA,AL,22,0,0,0,0,0,0,0,0,0,0,0,0,0,0,0,0
schwaky01,2018,1,CHN,NL,137,428,64,102,14,3,26,61,4,3,78,140,20,1,1,2,6
scottro02,2018,1,BOS,AL,9,0,0,0,0,0,0,0,0,0,0,0,0,0,0,0,0
scottta01,2018,1,BAL,AL,53,0,0,0,0,0,0,0,0,0,0,0,0,0,0,0,0
scribtr01,2018,1,ARI,NL,1,1,0,0,0,0,0,0,0,0,0,1,0,0,0,0,0
seageco01,2018,1,LAN,NL,26,101,13,27,5,1,2,13,0,0,11,17,1,2,0,1,2
seageky01,2018,1,SEA,AL,155,583,62,129,36,1,22,78,2,2,38,138,3,5,0,4,10
segurje01,2018,1,SEA,AL,144,586,91,178,29,3,10,63,20,11,32,69,2,4,4,6,17
semiema01,2018,1,OAK,AL,159,632,89,161,35,2,15,70,14,6,61,131,1,1,2,7,12
senzaan01,2018,1,COL,NL,23,24,1,2,1,0,0,3,0,0,0,13,0,0,5,0,0
severlu01,2018,1,NYA,AL,32,5,0,0,0,0,0,0,0,0,0,4,0,0,0,0,0
severpe01,2018,1,WAS,NL,70,190,14,32,9,0,2,15,1,0,18,47,4,4,0,1,3
sewalpa01,2018,1,NYN,NL,46,5,0,0,0,0,0,0,0,0,0,2,0,0,1,0,0
shackke01,2018,1,CIN,NL,5,1,0,0,0,0,0,0,0,0,0,1,0,0,0,0,0
shafeju01,2018,1,TOR,AL,6,0,0,0,0,0,0,0,0,0,0,0,0,0,0,0,0
shawbr01,2018,1,COL,NL,61,0,0,0,0,0,0,0,0,0,0,0,0,0,0,0,0
shawch01,2018,1,SFN,NL,22,54,2,10,2,0,1,7,1,0,7,23,0,0,0,1,0
shawtr01,2018,1,MIL,NL,152,498,73,120,23,0,32,86,5,2,78,108,6,4,1,6,7
sheffju01,2018,1,NYA,AL,3,0,0,0,0,0,0,0,0,0,0,0,0,0,0,0,0
sherfji01,2018,1,ARI,NL,15,0,0,0,0,0,0,0,0,0,0,0,0,0,0,0,0
sherrry01,2018,1,SLN,NL,5,0,0,0,0,0,0,0,0,0,0,0,0,0,0,0,0
shielja02,2018,1,CHA,AL,34,6,0,1,0,0,0,0,0,0,0,3,0,0,1,0,0
shiplbr01,2018,1,ARI,NL,3,2,1,0,0,0,0,0,0,0,0,0,0,0,0,0,0
shoemma01,2018,1,LAA,AL,7,0,0,0,0,0,0,0,0,0,0,0,0,0,0,0,0
shrevch01,2018,1,NYA,AL,40,0,0,0,0,0,0,0,0,0,0,0,0,0,0,0,0
shrevch01,2018,2,SLN,NL,20,1,0,0,0,0,0,0,0,0,0,1,0,0,0,0,0
shuckja01,2018,1,MIA,NL,70,130,10,25,3,1,0,4,2,2,10,22,1,1,1,0,1
sierrma01,2018,1,MIA,NL,54,147,10,28,3,0,0,7,3,2,6,39,1,0,3,0,0
sierrmo01,2018,1,WAS,NL,27,54,4,9,2,0,0,4,1,1,2,20,0,2,0,2,2
simmoan01,2018,1,LAA,AL,146,554,68,162,26,5,11,75,10,2,35,44,2,5,1,5,17
simslu01,2018,1,ATL,NL,6,1,0,0,0,0,0,0,0,0,0,0,0,0,0,0,0
simslu01,2018,2,CIN,NL,3,1,0,0,0,0,0,0,0,0,0,1,0,0,0,0,0
sippto01,2018,1,HOU,AL,54,0,0,0,0,0,0,0,0,0,0,0,0,0,0,0,0
siscoch01,2018,1,BAL,AL,63,160,13,29,8,0,2,16,1,0,13,66,0,11,0,0,2
skaggty01,2018,1,LAA,AL,24,0,0,0,0,0,0,0,0,0,0,0,0,0,0,0,0
skogler01,2018,1,KCA,AL,14,3,0,0,0,0,0,0,0,0,0,2,0,0,0,0,0
skolema01,2018,1,CHA,AL,4,11,2,3,0,0,1,1,0,0,2,3,0,0,0,0,0
slateau01,2018,1,SFN,NL,74,199,21,50,6,1,1,23,7,0,20,69,2,5,0,1,5
slegeaa01,2018,1,MIN,AL,4,0,0,0,0,0,0,0,0,0,0,0,0,0,0,0,0
smithbu03,2018,1,KCA,AL,38,0,0,0,0,0,0,0,0,0,0,0,0,0,0,0,0
smithca02,2018,1,BOS,AL,18,0,0,0,0,0,0,0,0,0,0,0,0,0,0,0,0
smithca03,2018,1,MIA,NL,16,22,0,3,0,0,0,1,0,0,0,13,0,0,4,0,1
smithdo02,2018,1,NYN,NL,56,143,14,32,11,1,5,11,0,0,4,47,0,2,0,0,2
smithdr01,2018,1,NYN,NL,27,0,0,0,0,0,0,0,0,0,0,0,0,0,0,0,0
smithdw02,2018,1,TOR,AL,35,65,9,17,8,0,2,8,0,0,7,13,0,2,0,1,1
smithjo05,2018,1,HOU,AL,56,0,0,0,0,0,0,0,0,0,0,0,0,0,0,0,0
smithke04,2018,1,CHA,AL,52,171,21,50,6,0,3,21,1,0,10,18,0,5,0,1,5
smithma05,2018,1,TBA,AL,141,480,65,142,27,10,2,40,40,12,47,98,0,8,7,2,11
smithmu01,2018,1,TOR,AL,3,0,0,0,0,0,0,0,0,0,0,0,0,0,0,0,0
smithwi04,2018,1,SFN,NL,54,0,0,0,0,0,0,0,0,0,0,0,0,0,0,0,0
smoakju01,2018,1,TOR,AL,147,505,67,122,34,0,25,77,0,1,83,156,2,3,0,3,11
smokejo01,2018,1,PIT,NL,7,0,0,0,0,0,0,0,0,0,0,0,0,0,0,0,0
smokejo01,2018,2,DET,AL,1,0,0,0,0,0,0,0,0,0,0,0,0,0,0,0,0
smolija01,2018,1,OAK,AL,20,39,2,5,1,1,0,2,1,0,1,10,0,1,0,0,4
snellbl01,2018,1,TBA,AL,31,1,0,0,0,0,0,0,0,0,1,1,0,1,0,0,0
sneltdj01,2018,1,SFN,NL,4,1,0,0,0,0,0,0,0,0,0,1,0,0,0,0,0
snydebr03,2018,1,TBA,AL,2,6,0,1,1,0,0,0,0,0,0,2,0,0,0,0,0
sobotch01,2018,1,ATL,NL,14,1,0,1,0,0,0,0,0,0,0,0,0,0,0,0,0
socolmi01,2018,1,ATL,NL,4,0,0,0,0,0,0,0,0,0,0,0,0,0,0,0,0
sogarer01,2018,1,MIL,NL,55,97,7,13,3,0,0,2,3,0,12,23,1,2,1,1,3
solarya01,2018,1,TOR,AL,122,468,50,106,20,0,17,54,1,3,31,72,1,3,1,3,21
solerjo01,2018,1,KCA,AL,61,223,27,59,18,0,9,28,3,1,28,69,0,4,0,2,6
solissa01,2018,1,WAS,NL,56,0,0,0,0,0,0,0,0,0,0,0,0,0,0,0,0
soriajo01,2018,1,CHA,AL,40,0,0,0,0,0,0,0,0,0,0,0,0,0,0,0,0
soriajo01,2018,2,MIL,NL,26,0,0,0,0,0,0,0,0,0,0,0,0,0,0,0,0
sorokmi01,2018,1,ATL,NL,5,8,0,1,0,0,0,0,0,0,0,1,0,0,0,0,0
sosaed01,2018,1,SLN,NL,3,2,1,0,0,0,0,0,0,0,1,1,0,0,0,0,0
sotoju01,2018,1,WAS,NL,116,414,77,121,25,1,22,70,5,2,79,99,10,0,1,0,9
souzast01,2018,1,ARI,NL,72,241,21,53,15,3,5,29,6,1,28,75,0,3,0,0,4
spande01,2018,1,TBA,AL,43,143,27,34,7,1,4,28,6,2,28,24,0,1,0,1,5
spande01,2018,2,SEA,AL,94,294,36,80,15,6,7,30,3,2,23,55,0,5,0,6,5
spangco01,2018,1,SDN,NL,116,298,35,70,9,4,7,25,6,1,25,108,0,2,4,0,6
sparkgl01,2018,1,KCA,AL,15,0,0,0,0,0,0,0,0,0,0,0,0,0,0,0,0
springe01,2018,1,HOU,AL,140,544,102,144,26,0,22,71,6,4,64,122,0,5,0,3,12
sprinje01,2018,1,TEX,AL,18,0,0,0,0,0,0,0,0,0,0,0,0,0,0,0,0
stallja01,2018,1,PIT,NL,14,37,2,8,0,0,0,5,0,0,3,9,0,0,0,1,2
stammcr01,2018,1,SDN,NL,73,0,0,0,0,0,0,0,0,0,0,0,0,0,0,0,0
stanery01,2018,1,TBA,AL,59,0,0,0,0,0,0,0,0,0,0,0,0,0,0,0,0
stantmi03,2018,1,NYA,AL,158,617,102,164,34,1,38,100,5,0,70,211,5,8,0,10,17
stassma01,2018,1,HOU,AL,88,221,28,50,13,0,8,27,0,0,23,74,0,6,0,0,6
steckdr01,2018,1,MIA,NL,71,0,0,0,0,0,0,0,0,0,0,0,0,0,0,0,0
stephja01,2018,1,CIN,NL,29,2,0,0,0,0,0,0,0,0,1,1,0,0,0,0,0
stephro01,2018,1,CIN,NL,4,2,0,0,0,0,0,0,0,0,1,1,0,0,0,0,0
stevean01,2018,1,WAS,NL,57,75,9,19,2,0,1,13,1,1,6,23,0,1,1,3,0
stewabr01,2018,1,LAN,NL,9,2,0,0,0,0,0,0,0,0,0,2,0,0,0,0,0
stewach01,2018,1,ATL,NL,5,14,3,3,0,0,0,3,0,0,1,1,0,0,0,1,2
stewach01,2018,2,ARI,NL,3,1,0,0,0,0,0,0,0,0,0,0,0,0,0,0,0
stewach02,2018,1,DET,AL,17,60,7,16,1,1,2,10,0,0,10,13,0,1,0,1,1
stewadj01,2018,1,BAL,AL,17,40,8,10,3,0,3,10,2,1,4,12,0,2,0,1,0
stewako01,2018,1,MIN,AL,8,0,0,0,0,0,0,0,0,0,0,0,0,0,0,0,0
stockro01,2018,1,SDN,NL,32,0,0,0,0,0,0,0,0,0,0,0,0,0,0,0,0
storytr01,2018,1,COL,NL,157,598,88,174,42,6,37,108,27,6,47,168,3,7,0,4,12
stouter01,2018,1,KCA,AL,3,0,0,0,0,0,0,0,0,0,0,0,0,0,0,0,0
strahma01,2018,1,SDN,NL,41,8,0,0,0,0,0,0,0,0,0,4,0,0,0,0,0
straida01,2018,1,MIA,NL,26,31,2,5,1,0,0,1,0,0,8,19,0,1,3,0,1
strasst01,2018,1,WAS,NL,22,41,0,5,0,0,0,1,0,0,2,12,0,0,8,0,3
stratch01,2018,1,SFN,NL,28,43,0,6,1,0,0,5,0,0,0,26,0,0,6,1,0
strawmy01,2018,1,HOU,AL,9,9,4,3,0,0,1,1,2,0,1,0,0,0,0,0,0
strichu01,2018,1,SFN,NL,49,0,0,0,0,0,0,0,0,0,0,0,0,0,0,0,0
stripro01,2018,1,LAN,NL,36,33,0,3,0,0,0,2,1,0,0,13,0,0,4,0,0
stromma01,2018,1,TOR,AL,19,3,0,1,0,0,0,0,0,0,0,1,0,0,0,0,0
stroppe01,2018,1,CHN,NL,60,2,0,0,0,0,0,0,0,0,0,0,0,0,0,0,1
stumpda01,2018,1,DET,AL,56,0,0,0,0,0,0,0,0,0,0,0,0,0,0,0,0
suarean01,2018,1,SFN,NL,29,47,1,3,0,0,0,0,0,0,2,27,0,0,2,0,1
suareeu01,2018,1,CIN,NL,143,527,79,149,22,2,34,104,1,1,64,142,7,9,0,6,20
suarera01,2018,1,PHI,NL,4,6,0,1,0,1,0,0,0,0,0,2,0,0,0,0,0
sucreje01,2018,1,TBA,AL,73,182,9,38,5,0,1,17,1,0,9,29,2,1,4,2,4
suerowa01,2018,1,WAS,NL,40,3,0,0,0,0,0,0,0,0,0,1,0,0,0,0,0
susacan01,2018,1,BAL,AL,9,26,1,3,1,0,0,0,0,0,0,12,0,0,0,0,0
suterbr01,2018,1,MIL,NL,21,26,4,5,1,0,1,3,0,0,4,6,0,1,1,0,1
suzukic01,2018,1,SEA,AL,15,44,5,9,0,0,0,0,0,0,3,7,0,0,0,0,0
suzukku01,2018,1,ATL,NL,105,347,45,94,24,0,12,50,0,0,22,43,0,13,0,6,6
swansda01,2018,1,ATL,NL,136,478,51,114,25,4,14,59,10,4,44,122,15,2,6,3,5
swarzan01,2018,1,NYN,NL,29,0,0,0,0,0,0,0,0,0,0,0,0,0,0,0,0
sweenda02,2018,1,TOR,AL,2,2,0,0,0,0,0,0,0,0,2,0,0,0,0,0,0
swihabl01,2018,1,BOS,AL,82,192,28,44,10,0,3,18,6,1,15,57,0,0,0,0,4
syndeno01,2018,1,NYN,NL,25,47,0,6,2,0,0,3,0,0,1,32,0,0,3,1,0
szczuma01,2018,1,SDN,NL,57,75,11,14,3,0,1,6,3,0,8,24,0,0,1,0,2
taillja01,2018,1,PIT,NL,32,57,0,4,1,0,0,3,0,0,1,22,0,0,5,0,1
tanakma01,2018,1,NYA,AL,27,6,1,0,0,0,0,0,0,0,0,1,0,0,0,0,0
tapiara01,2018,1,COL,NL,25,25,6,5,2,1,1,6,0,0,2,7,0,0,0,0,0
tarplst01,2018,1,NYA,AL,10,0,0,0,0,0,0,0,0,0,0,0,0,0,0,0,0
tauchmi01,2018,1,COL,NL,21,32,5,3,1,0,0,0,1,0,4,15,0,0,1,0,0
taylobe03,2018,1,CLE,AL,6,0,0,0,0,0,0,0,0,0,0,0,0,0,0,0,0
taylobe04,2018,1,OAK,AL,7,5,0,1,1,0,0,0,0,0,1,2,0,0,0,0,0
tayloch03,2018,1,LAN,NL,155,536,85,136,35,8,17,63,9,6,55,178,0,9,0,4,5
taylomi02,2018,1,WAS,NL,134,353,46,80,22,3,6,28,24,6,29,116,2,1,2,0,9
tazawju01,2018,1,MIA,NL,22,0,0,0,0,0,0,0,0,0,0,0,0,0,0,0,0
tazawju01,2018,2,LAA,AL,9,0,0,0,0,0,0,0,0,0,0,0,0,0,0,0,0
teherju01,2018,1,ATL,NL,31,40,2,7,0,0,1,4,0,0,1,8,0,0,12,1,0
telisto01,2018,1,MIA,NL,23,29,2,6,1,0,0,1,0,0,2,8,0,0,0,0,1
tellero01,2018,1,TOR,AL,23,70,10,22,9,0,4,14,0,0,2,21,0,0,0,1,0
teperry01,2018,1,TOR,AL,68,0,0,0,0,0,0,0,0,0,0,0,0,0,0,0,0
thameer01,2018,1,MIL,NL,96,247,41,54,10,3,16,37,7,0,29,97,4,2,0,0,3
thompja03,2018,1,PHI,NL,9,2,0,0,0,0,0,0,0,0,0,2,0,0,0,0,0
thomptr01,2018,1,OAK,AL,3,7,1,1,0,0,0,0,0,0,0,4,0,0,0,0,0
thomptr01,2018,2,CHA,AL,48,121,14,14,3,0,3,9,3,1,7,46,1,0,1,1,0
thornty01,2018,1,BOS,AL,25,0,0,0,0,0,0,0,0,0,0,0,0,0,0,0,0
tillmch01,2018,1,BAL,AL,7,0,0,0,0,0,0,0,0,0,0,0,0,0,0,0,0
tilsoch01,2018,1,CHA,AL,41,106,7,28,1,1,0,11,2,3,10,20,0,1,2,1,2
toccica01,2018,1,TEX,AL,66,120,11,27,3,2,0,5,0,3,7,39,0,1,6,1,2
tolesan01,2018,1,LAN,NL,17,30,5,7,2,0,0,4,1,0,2,8,1,0,0,0,1
tomlijo01,2018,1,CLE,AL,32,0,0,0,0,0,0,0,0,0,0,0,0,0,0,0,0
tomlike01,2018,1,SFN,NL,63,140,9,29,4,2,0,10,0,2,9,35,0,2,1,0,3
torreca01,2018,1,WAS,NL,10,0,0,0,0,0,0,0,0,0,0,0,0,0,0,0,0
torregl01,2018,1,NYA,AL,123,431,54,117,16,1,24,77,6,2,42,122,3,5,1,5,8
torrera01,2018,1,KCA,AL,9,28,4,5,1,0,0,1,0,0,1,3,0,0,0,0,1
torrero01,2018,1,NYA,AL,41,100,9,28,7,1,0,7,0,0,2,16,0,0,0,0,3
toussto01,2018,1,ATL,NL,8,10,1,1,0,0,0,0,0,0,0,5,0,0,0,0,0
trahabl01,2018,1,CIN,NL,11,14,2,3,0,0,0,0,0,0,0,4,0,0,0,0,0
travide01,2018,1,TOR,AL,103,357,41,83,14,3,11,44,3,2,16,64,1,5,0,0,8
travisa01,2018,1,BOS,AL,19,36,5,8,3,0,1,7,0,0,2,10,0,0,0,0,1
treinbl01,2018,1,OAK,AL,68,0,0,0,0,0,0,0,0,0,0,0,0,0,0,0,0
trevijo01,2018,1,TEX,AL,3,8,0,2,0,0,0,3,0,0,0,1,0,0,0,0,1
triggan01,2018,1,OAK,AL,9,0,0,0,0,0,0,0,0,0,0,0,0,0,0,0,0
trivilo01,2018,1,OAK,AL,69,0,0,0,0,0,0,0,0,0,0,0,0,0,0,0,0
tropeni01,2018,1,LAA,AL,14,0,0,0,0,0,0,0,0,0,0,0,0,0,0,0,0
troutmi01,2018,1,LAA,AL,140,471,101,147,24,4,39,79,24,2,97,124,25,10,0,4,5
trumbma01,2018,1,BAL,AL,90,330,41,86,12,0,17,44,0,0,24,87,0,2,0,2,10
tsengje01,2018,1,CHN,NL,1,0,0,0,0,0,0,0,0,0,0,0,0,0,0,0,0
tuckeky01,2018,1,HOU,AL,28,64,10,9,2,1,0,4,1,1,6,13,0,2,0,0,1
tuckepr01,2018,1,ATL,NL,62,117,14,30,10,0,4,22,0,0,7,33,0,2,0,1,2
tuckepr01,2018,2,CIN,NL,17,37,4,7,1,0,2,5,0,0,4,9,0,1,0,0,0
tuckepr01,2018,3,ATL,NL,18,12,1,1,0,0,0,0,0,0,2,1,0,1,0,0,0
tuivasa01,2018,1,SLN,NL,31,0,0,0,0,0,0,0,0,0,0,0,0,0,0,0,0
tuivasa01,2018,2,SEA,AL,5,0,0,0,0,0,0,0,0,0,0,0,0,0,0,0,0
turnbsp01,2018,1,DET,AL,4,2,0,0,0,0,0,0,0,0,0,1,0,0,0,0,0
turneja01,2018,1,MIA,NL,4,0,0,0,0,0,0,0,0,0,0,0,0,0,0,0,0
turneja01,2018,2,DET,AL,1,0,0,0,0,0,0,0,0,0,0,0,0,0,0,0,0
turneju01,2018,1,LAN,NL,103,365,62,114,31,1,14,52,2,1,47,54,3,12,0,2,10
turnetr01,2018,1,WAS,NL,162,664,103,180,27,6,19,73,43,9,69,132,3,5,2,0,7
underdu01,2018,1,CHN,NL,1,1,0,0,0,0,0,0,0,0,0,0,0,0,0,0,0
uptonju01,2018,1,LAA,AL,145,533,80,137,18,1,30,85,8,2,64,176,1,10,0,6,12
urenajo01,2018,1,MIA,NL,32,48,1,2,1,0,0,1,0,0,1,35,0,0,3,0,0
urenari01,2018,1,TOR,AL,40,99,10,29,4,0,1,6,2,1,7,32,0,0,2,0,3
uriasju01,2018,1,LAN,NL,3,1,0,0,0,0,0,0,0,0,0,1,0,0,0,0,0
uriaslu01,2018,1,SDN,NL,12,48,5,10,1,0,2,5,1,0,3,10,0,1,0,1,0
urshegi01,2018,1,TOR,AL,19,43,7,10,1,0,1,3,0,0,2,10,0,1,0,0,1
utleych01,2018,1,LAN,NL,87,164,18,35,10,1,1,14,3,1,17,34,2,5,0,1,3
valaipa01,2018,1,COL,NL,68,122,8,19,5,0,2,5,0,0,9,30,0,0,2,0,4
valbulu01,2018,1,LAA,AL,96,266,23,53,9,0,9,33,3,0,19,100,3,1,0,2,2
valdefr01,2018,1,HOU,AL,8,0,0,0,0,0,0,0,0,0,0,0,0,0,0,0,0
valdejo03,2018,1,SFN,NL,4,0,0,0,0,0,0,0,0,0,0,0,0,0,0,0,0
valenda01,2018,1,BAL,AL,79,255,28,67,8,1,9,28,1,1,22,53,2,0,0,5,8
valenje01,2018,1,PHI,NL,46,79,8,14,5,1,1,6,0,0,8,24,0,1,0,1,1
valerbr01,2018,1,LAN,NL,20,29,4,5,0,0,0,4,0,0,4,4,0,0,1,0,0
valerbr01,2018,2,BAL,AL,12,35,4,10,0,1,0,4,1,0,3,9,0,0,1,2,0
vargail01,2018,1,ARI,NL,14,19,2,4,0,0,1,4,1,0,1,4,0,0,0,0,1
vargaja01,2018,1,NYN,NL,21,27,2,4,0,0,0,0,0,0,1,8,0,0,3,0,0
vasquan02,2018,1,MIN,AL,9,0,0,0,0,0,0,0,0,0,0,0,0,0,0,0,0
vastoje01,2018,1,COL,NL,1,0,0,0,0,0,0,0,0,0,0,0,0,0,0,0,0
vastoje01,2018,2,KCA,AL,5,0,0,0,0,0,0,0,0,0,0,0,0,0,0,0,0
vazquch01,2018,1,BOS,AL,80,251,24,52,10,0,3,16,4,1,13,41,1,4,1,0,5
velasvi01,2018,1,PHI,NL,32,40,2,9,1,0,0,1,0,0,0,11,0,0,5,0,2
velazan01,2018,1,TBA,AL,13,10,3,3,1,0,0,0,1,0,1,3,0,1,0,0,0
velazhe01,2018,1,BOS,AL,47,1,0,0,0,0,0,0,0,0,0,0,0,0,0,0,0
vendipa01,2018,1,LAN,NL,15,0,0,0,0,0,0,0,0,0,0,0,0,0,0,0,0
ventejo01,2018,1,TBA,AL,22,0,0,0,0,0,0,0,0,0,0,0,0,0,0,0,0
ventejo01,2018,2,ATL,NL,28,0,0,0,0,0,0,0,0,0,0,0,0,0,0,0,0
verdual01,2018,1,LAN,NL,37,77,11,20,6,0,1,4,0,0,8,14,0,0,1,0,4
verhadr01,2018,1,DET,AL,41,1,0,0,0,0,0,0,0,0,0,0,0,0,0,0,0
verlaju01,2018,1,HOU,AL,34,5,0,1,0,0,0,0,0,0,0,2,0,0,0,0,0
vieirth01,2018,1,CHA,AL,16,0,0,0,0,0,0,0,0,0,0,0,0,0,0,0,0
vielmen01,2018,1,BAL,AL,6,7,1,1,0,0,0,0,0,0,1,4,0,0,0,0,0
villach01,2018,1,SDN,NL,110,351,42,83,15,0,20,46,3,0,23,104,0,9,0,1,12
villajo01,2018,1,MIL,NL,87,257,26,67,10,1,6,22,14,2,19,80,0,2,0,1,9
villajo01,2018,2,BAL,AL,54,209,28,54,4,0,8,24,21,3,22,58,0,3,1,1,4
vilorme01,2018,1,KCA,AL,10,27,4,7,2,0,0,4,0,0,1,9,0,0,1,0,1
vinceni01,2018,1,SEA,AL,62,0,0,0,0,0,0,0,0,0,0,0,0,0,0,0,0
vinceza01,2018,1,SEA,AL,1,4,0,2,0,0,0,1,0,0,0,1,0,0,0,0,0
vizcaar01,2018,1,ATL,NL,39,0,0,0,0,0,0,0,0,0,0,0,0,0,0,0,0
vogelda01,2018,1,SEA,AL,37,87,9,18,2,0,4,13,0,0,13,26,0,2,0,0,4
voitlu01,2018,1,SLN,NL,8,11,2,2,0,0,1,3,0,0,2,4,0,0,0,0,0
voitlu01,2018,2,NYA,AL,39,132,28,44,5,0,14,33,0,0,15,39,0,1,0,0,3
volstch01,2018,1,CHA,AL,33,0,0,0,0,0,0,0,0,0,0,0,0,0,0,0,0
vothau01,2018,1,WAS,NL,4,2,0,0,0,0,0,0,0,0,0,1,0,0,0,0,0
vottojo01,2018,1,CIN,NL,145,503,67,143,28,2,12,67,2,0,108,101,6,9,0,3,15
wachami01,2018,1,SLN,NL,15,25,3,2,0,0,0,1,0,0,1,9,0,0,6,0,0
wadety01,2018,1,NYA,AL,36,66,8,11,4,0,1,5,1,0,4,23,0,0,0,0,1
wahlbo01,2018,1,NYN,NL,7,0,0,0,0,0,0,0,0,0,0,0,0,0,0,0,0
wainwad01,2018,1,SLN,NL,8,11,0,1,0,0,0,1,0,0,0,6,0,0,1,0,0
waldema01,2018,1,BOS,AL,8,0,0,0,0,0,0,0,0,0,0,0,0,0,0,0,0
waldimi01,2018,1,PHI,NL,13,17,1,1,0,0,1,2,0,0,2,12,0,0,0,0,1
walkech02,2018,1,ARI,NL,37,49,6,8,2,0,3,6,1,0,3,22,0,1,0,0,1
walkene01,2018,1,NYA,AL,113,347,48,76,12,1,11,46,0,0,42,87,3,5,0,4,3
walketa01,2018,1,ARI,NL,3,4,0,0,0,0,0,0,0,0,0,1,0,0,0,0,1
wallach01,2018,1,MIA,NL,15,45,4,8,1,0,1,5,0,0,4,23,0,2,1,0,0
wardta01,2018,1,LAA,AL,40,135,14,24,3,0,6,15,2,0,9,45,0,3,0,0,0
warread01,2018,1,NYA,AL,24,0,0,0,0,0,0,0,0,0,0,0,0,0,0,0,0
warread01,2018,2,SEA,AL,23,0,0,0,0,0,0,0,0,0,0,0,0,0,0,0,0
watsoto01,2018,1,SFN,NL,72,0,0,0,0,0,0,0,0,0,0,0,0,0,0,0,0
weavelu01,2018,1,SLN,NL,34,38,4,6,0,0,0,2,0,0,1,14,0,0,7,0,1
webbty01,2018,1,SDN,NL,4,1,0,0,0,0,0,0,0,0,0,1,0,0,0,0,0
webbty01,2018,2,SLN,NL,18,0,0,0,0,0,0,0,0,0,0,0,0,0,0,0,0
weberry01,2018,1,TBA,AL,2,1,0,0,0,0,0,0,0,0,0,1,0,0,0,0,0
webstal01,2018,1,CHN,NL,3,0,0,0,0,0,0,0,0,0,0,0,0,0,0,0,0
weissza01,2018,1,CIN,NL,1,0,0,0,0,0,0,0,0,0,0,0,0,0,0,0,0
wendejb01,2018,1,OAK,AL,13,0,0,0,0,0,0,0,0,0,0,0,0,0,0,0,0
wendljo01,2018,1,TBA,AL,139,487,62,146,33,6,7,61,16,4,37,96,4,9,2,10,11
whalero01,2018,1,SEA,AL,1,0,0,0,0,0,0,0,0,0,0,0,0,0,0,0,0
wheelza01,2018,1,NYN,NL,29,56,4,11,2,0,0,4,0,0,0,21,0,0,3,1,1
whitety01,2018,1,HOU,AL,66,210,27,58,12,3,12,42,0,1,24,49,0,2,0,1,1
whitlch01,2018,1,ATL,NL,1,0,0,0,0,0,0,0,0,0,0,0,0,0,0,0,0
wickro01,2018,1,SDN,NL,10,0,0,0,0,0,0,0,0,0,0,0,0,0,0,0,0
wieckbr01,2018,1,SDN,NL,5,0,0,0,0,0,0,0,0,0,0,0,0,0,0,0,0
wietema01,2018,1,WAS,NL,76,235,24,56,8,0,8,30,0,1,30,45,3,3,1,2,5
wilkeaa01,2018,1,MIL,NL,3,2,0,0,0,0,0,0,0,0,0,1,0,0,0,0,0
wilkest01,2018,1,BAL,AL,16,46,2,8,3,0,0,3,1,0,3,16,0,0,0,0,0
williau01,2018,1,WAS,NL,10,0,0,0,0,0,0,0,0,0,0,0,0,0,0,0,0
williju02,2018,1,TBA,AL,1,1,0,0,0,0,0,0,0,0,0,0,0,0,0,0,1
willima07,2018,1,CIN,NL,51,123,10,36,5,1,2,6,1,2,7,29,1,0,2,0,5
willima08,2018,1,SFN,NL,28,94,14,20,4,0,4,11,1,1,11,27,0,0,0,0,1
willini01,2018,1,PHI,NL,140,407,53,104,12,3,17,50,3,2,32,111,2,9,0,0,4
willita01,2018,1,MIL,NL,56,4,0,1,0,0,0,0,0,0,0,3,0,0,0,0,0
willitr01,2018,1,PIT,NL,31,43,3,5,0,0,0,0,0,0,2,13,0,0,6,0,0
wilsoal01,2018,1,DET,AL,59,0,0,0,0,0,0,0,0,0,0,0,0,0,0,0,0
wilsobo02,2018,1,MIN,AL,47,135,12,24,8,0,2,16,0,0,12,37,0,0,2,2,6
wilsobr02,2018,1,ATL,NL,3,2,0,0,0,0,0,0,0,0,0,0,0,0,0,0,0
wilsoju10,2018,1,CHN,NL,71,1,0,0,0,0,0,0,0,0,0,1,0,0,0,0,0
wingetr01,2018,1,SDN,NL,22,0,0,0,0,0,0,0,0,0,0,0,0,0,0,0,0
winkeje01,2018,1,CIN,NL,89,281,38,84,16,0,7,43,0,0,49,46,4,2,1,1,6
winklda01,2018,1,ATL,NL,69,1,0,0,0,0,0,0,0,0,0,0,0,0,0,0,0
wisdopa01,2018,1,SLN,NL,32,50,11,13,1,0,4,10,2,1,6,19,0,2,0,0,1
wislema01,2018,1,ATL,NL,7,8,0,0,0,0,0,0,0,0,0,4,0,0,1,0,0
wislema01,2018,2,CIN,NL,11,0,0,0,0,0,0,0,0,0,0,0,0,0,0,0,0
wittgni01,2018,1,MIA,NL,32,0,0,0,0,0,0,0,0,0,0,0,0,0,0,0,0
wolteto01,2018,1,COL,NL,74,182,19,31,4,4,3,27,2,0,26,33,2,6,0,2,6
wongko01,2018,1,SLN,NL,127,353,41,88,18,2,9,38,6,5,31,60,3,14,6,3,6
woodal02,2018,1,LAN,NL,33,44,1,2,0,0,0,0,1,0,0,25,0,0,6,0,0
woodbl01,2018,1,LAA,AL,13,0,0,0,0,0,0,0,0,0,0,0,0,0,0,0,0
woodhu01,2018,1,TBA,AL,31,0,0,0,0,0,0,0,0,0,0,0,0,0,0,0,0
woodrbr01,2018,1,MIL,NL,19,8,2,2,0,0,1,1,0,0,1,1,0,0,1,0,1
workmbr01,2018,1,BOS,AL,43,0,0,0,0,0,0,0,0,0,0,0,0,0,0,0,0
wrighda03,2018,1,NYN,NL,2,2,0,0,0,0,0,0,0,0,1,0,0,0,0,0,0
wrighky01,2018,1,ATL,NL,4,0,0,0,0,0,0,0,0,0,0,0,0,0,0,0,0
wrighmi01,2018,1,BAL,AL,48,1,0,0,0,0,0,0,0,0,0,0,0,0,0,0,0
wrighst01,2018,1,BOS,AL,20,0,0,0,0,0,0,0,0,0,0,0,0,0,0,0,0
wynnsau01,2018,1,BAL,AL,42,110,16,28,2,0,4,11,0,0,5,25,0,0,3,0,7
yacabji01,2018,1,BAL,AL,12,0,0,0,0,0,0,0,0,0,0,0,0,0,0,0,0
yarbrry01,2018,1,TBA,AL,38,3,0,0,0,0,0,0,0,0,0,2,0,0,0,0,0
yateski01,2018,1,SDN,NL,65,2,0,0,0,0,0,0,0,0,0,0,0,0,0,0,0
yelicch01,2018,1,MIL,NL,147,574,118,187,34,7,36,110,22,4,66,135,2,7,0,2,14
youngch04,2018,1,LAA,AL,56,113,17,19,2,1,6,13,2,0,11,37,0,2,1,1,1
younger03,2018,1,LAA,AL,41,109,12,22,4,2,1,8,5,1,6,28,0,1,0,1,4
zagunma01,2018,1,CHN,NL,5,5,0,2,1,0,0,1,0,0,1,1,0,0,0,0,0
zagurmi01,2018,1,MIL,NL,2,0,0,0,0,0,0,0,0,0,0,0,0,0,0,0,0
zamorda01,2018,1,NYN,NL,16,0,0,0,0,0,0,0,0,0,0,0,0,0,0,0,0
zastrro01,2018,1,CHN,NL,6,0,0,0,0,0,0,0,0,0,0,0,0,0,0,0,0
zieglbr01,2018,1,MIA,NL,53,0,0,0,0,0,0,0,0,0,0,0,0,0,0,0,0
zieglbr01,2018,2,ARI,NL,29,0,0,0,0,0,0,0,0,0,0,0,0,0,0,0,0
zimmebr01,2018,1,CLE,AL,34,106,14,24,5,0,2,9,4,1,7,44,0,1,0,0,1
zimmejo02,2018,1,DET,AL,25,2,0,0,0,0,0,0,0,0,0,2,0,0,0,0,0
zimmery01,2018,1,WAS,NL,85,288,33,76,21,2,13,51,1,1,30,55,1,3,0,2,10
zobribe01,2018,1,CHN,NL,139,455,67,139,28,3,9,58,3,4,55,60,1,2,1,7,8
zuninmi01,2018,1,SEA,AL,113,373,37,75,18,0,20,44,0,0,24,150,0,6,0,2,7
